name,latitude,longitude
juancho,-1.30316,-74.82887
juancho,-1.30332,-74.82955
juancho,-1.3032,-74.82955
juancho,-1.30318,-74.82958
juancho,-1.3032,-74.82956
juancho,-1.30324,-74.82951
juancho,-1.30321,-74.82955
juancho,-1.30354,-74.82942
juancho,-1.3032,-74.82954
juancho,-1.3032,-74.82954
juancho,-1.30321,-74.82955
juancho,-1.30323,-74.82956
juancho,-1.3032,-74.82955
juancho,,-74.82955
juancho,-1.30328,-74.82954
juancho,-1.30392,-74.82932
juancho,-1.30361,-74.82914
juancho,,-74.82948
juancho,-1.30312,-74.82947
juancho,-1.30322,-74.82951
juancho,-1.30325,-74.82941
juancho,-1.30318,-74.82951
juancho,-1.30417,-74.82926
juancho,-1.30393,-74.82914
juancho,-1.304,-74.82911
juancho,-1.3041,-74.82882
juancho,-1.30282,-74.82933
juancho,-1.30281,-74.82931
juancho,-1.30282,-74.82934
juancho,-1.30282,-74.82932
juancho,-1.30345,-74.82994
juancho,-1.30398,-74.82923
juancho,-1.30288,-74.82868
juancho,-1.30231,-74.82979
juancho,-1.3025,-74.82973
juancho,-1.30246,-74.82973
juancho,-1.30251,-74.82966
juancho,-1.30259,-74.82988
juancho,-1.30258,-74.82993
juancho,-1.30215,-74.82887
juancho,-1.30181,-74.82826
juancho,-1.30179,-74.82824
juancho,-1.30166,-74.82797
juancho,-1.30163,-74.82887
juancho,-1.30154,-74.82896
juancho,-1.30276,-74.82919
juancho,-1.30276,-74.82923
juancho,-1.30315,-74.82863
juancho,-1.30152,-74.82872
juancho,-1.30152,-78.82872
juancho,-1.30259,-74.8299
juancho,,-74.8299
juancho,-1.30265,-74.82991
juancho,-1.3026,-74.82968
juancho,-1.30278,-74.82932
juancho,-1.30285,-74.82926
juancho,-1.30287,-74.8293
juancho,-1.30211,-74.82897
juancho,-1.3025,-74.82979
juancho,-1.30228,-74.82926
juancho,-1.30267,-74.82928
juancho,-1.30269,-74.82915
juancho,-1.30152,-74.82736
juancho,-1.30034,-74.82592
juancho,-1.30041,-74.82591
juancho,-1.3003,-74.82582
juancho,-1.30028,-74.8263
juancho,-1.30027,-74.82629
juancho,-1.29981,-74.82707
juancho,-1.29918,-74.82758
juancho,-1.2985,-74.8279
juancho,-1.2985,-74.8277
juancho,-1.2985,-78.8279
juancho,-1.29755,-74.82745
juancho,-1.29752,-74.82747
juancho,-1.29755,-74.82746
juancho,-1.29689,-74.82717
juancho,-1.29743,-74.82714
juancho,-1.29741,-74.82713
juancho,-1.29739,-74.82756
juancho,-1.29741,-74.82754
juancho,-1.29729,-74.82778
juancho,-1.29756,-74.82742
juancho,-1.29755,-74.82742
juancho,-1.29813,-74.82734
juancho,-1.29738,-74.82717
juancho,-1.29727,-74.82714
juancho,-1.29726,-74.8271
juancho,-1.29738,-74.82719
juancho,-1.29726,-74.8271
juancho,-1.29753,-74.82748
juancho,-1.29753,-74.82742
juancho,-1.29554,-74.82957
juancho,-1.29559,-74.82745
juancho,-1.29641,-74.82794
juancho,-1.29604,-74.82717
juancho,-1.29737,-74.82765
juancho,-1.29768,-74.82794
juancho,-1.29769,-74.82795
juancho,-1.29771,-74.82786
juancho,-1.30053,-74.8253
juancho,-1.30057,-74.82569
juancho,-1.30001,-74.82646
juancho,-1.30169,-74.82911
juancho,-1.30076,-74.8283
juancho,-1.30037,-74.82823
juancho,-1.30151,-74.82882
juancho,-1.30102,-74.82491
juancho,-1.30173,-74.82498
juancho,-1.30175,-74.82497
juancho,-1.30036,-74.82411
juancho,-1.30055,-74.82445
juancho,-1.3006,-74.82385
juancho,-1.3007,-74.82379
juancho,-1.29947,-74.82156
juancho,-1.29884,-74.82103
juancho,-1.29883,-74.8211
juancho,-1.29886,-74.8211
juancho,-1.29849,-74.82089
juancho,-1.29987,-74.82122
juancho,-1.29988,-74.82119
juancho,-1.29977,-74.82138
juancho,-1.30012,-74.82221
juancho,-1.29901,-74.82123
juancho,-1.29857,-74.82155
juancho,-1.29831,-74.82173
juancho,-1.29855,-74.82158
juancho,-1.29874,-74.8211
juancho,-1.29885,-74.82112
juancho,-1.29932,-74.82169
juancho,-1.29749,-74.82231
juancho,-1.29689,-74.82356
juancho,-1.2966,-74.82403
juancho,-1.29633,-74.82406
juancho,-1.29746,-74.82369
juancho,-1.29675,-74.82405
juancho,-1.29904,-74.8244
juancho,-1.29959,-74.82319
juancho,-1.29955,-74.8234
juancho,-1.29961,-74.82392
juancho,-1.29798,-74.82556
juancho,-1.29938,-74.82762
juancho,-1.29986,-74.82771
juancho,-1.29981,-74.82765
juancho,-1.29972,-74.82741
juancho,-1.30105,-74.8281
juancho,-1.3017,-74.82837
juancho,-1.30203,-74.82865
juancho,-1.30196,-74.8286
juancho,-1.30173,-74.82843
juancho,-1.303,-74.82882
juancho,-1.303,-74.8288
juancho,-1.30292,-74.82868
juancho,-1.3017,-74.82909
juancho,-1.3014,-74.82837
juancho,-1.30148,-74.82836
juancho,-1.30069,-74.82843
juancho,-1.3002,-74.82638
juancho,-1.30024,-74.82607
juancho,-1.30014,-74.82607
juancho,-1.30026,-74.82572
juancho,-1.30198,-74.82568
juancho,-1.3004,-74.82419
juancho,-1.30045,-74.82421
juancho,-1.30045,-74.8242
juancho,-1.29998,-74.82415
juancho,-1.30018,-74.82367
juancho,-1.30136,-74.82329
juancho,-1.30163,-74.82308
juancho,-1.30648,-74.82413
juancho,-1.30563,-74.82525
juancho,-1.30567,-74.8253
juancho,-1.30537,-74.82459
juancho,-1.30561,-74.82543
juancho,-1.30555,-74.82699
juancho,-1.30553,-74.82719
juancho,-1.30554,-74.82719
juancho,-1.30563,-74.82637
juancho,-1.30575,-74.82649
juancho,-1.30471,-74.82913
juancho,-1.30453,-74.82912
juancho,-1.30329,-74.83041
juancho,-1.30277,-74.8299
juancho,-1.30279,-74.82993
juancho,-1.3021,-74.82886
juancho,-1.30252,-74.82921
juancho,-1.30256,-74.82919
juancho,-1.30037,-74.82932
juancho,-1.29912,-74.82815
juancho,-1.29899,-74.82784
juancho,-1.29987,-74.82706
juancho,-1.29986,-74.82706
juancho,-1.30044,-74.82594
juancho,-1.30036,-74.82632
juancho,-1.30035,-74.82627
juancho,-1.29798,-74.82298
juancho,-1.29757,-74.82395
juancho,-1.29753,-74.8239
juancho,-1.29778,-74.82519
juancho,-1.29741,-74.82637
juancho,-1.2981,-74.82731
juancho,-1.29813,-74.82733
juancho,-1.29778,-74.82727
juancho,-1.29855,-74.8293
juancho,-1.29861,-74.82982
juancho,-1.2983,-74.82976
juancho,-1.29875,-74.82978
juancho,-1.29932,-74.82754
juancho,-1.29916,-74.82761
juancho,-1.29857,-74.82723
juancho,-1.29921,-74.82763
juancho,-1.29775,-74.82473
juancho,-1.2993,-74.82335
juancho,-1.29939,-74.82311
juancho,-1.2994,-74.82274
juancho,-1.29953,-74.82165
juancho,-1.29942,-74.82163
juancho,-1.29941,-74.82173
juancho,-1.2987,-74.82184
juancho,-1.2983,-74.81796
juancho,-1.29938,-74.81991
juancho,-1.29936,-74.81993
juancho,-1.29939,-74.82079
juancho,-1.29945,-74.82163
juancho,-1.29943,-74.82164
juancho,-1.29951,-74.8216
juancho,-1.29941,-74.82167
juancho,-1.29486,-74.82269
juancho,-1.29682,-74.82282
juancho,-1.29771,-74.82243
juancho,-1.2983,-74.82237
juancho,-1.29969,-74.8276
juancho,-1.29975,-74.82768
juancho,-1.3004,-74.82739
juancho,-1.30118,-74.82842
juancho,-1.3005,-74.82751
juancho,-1.30042,-74.8257
juancho,-1.30019,-74.82588
juancho,-1.30013,-74.82585
juancho,-1.30129,-74.82712
juancho,-1.30149,-74.82877
juancho,-1.30217,-74.82852
juancho,-1.30232,-74.82852
juancho,-1.30288,-74.82869
juancho,-1.3032,-74.82894
juancho,-1.30331,-74.82842
juancho,-1.30382,-74.82804
juancho,-1.30503,-74.82961
juancho,-1.30365,-74.8313
juancho,-1.30196,-74.83078
juancho,-1.30214,-74.83182
juancho,-1.30222,-74.83185
juancho,-1.3011,-74.83325
juancho,-1.3019,-74.83032
juancho,-1.30187,-74.83031
juancho,-1.30072,-74.82852
juancho,-1.30074,-74.82861
juancho,-1.29892,-74.82805
juancho,-1.29909,-74.82778
juancho,-1.2994,-74.82699
juancho,-1.30006,-74.82706
juancho,-1.3001,-74.82362
juancho,-1.29979,-74.82237
juancho,-1.29977,-74.82242
juancho,-1.30031,-74.82228
juancho,-1.2998,-74.82242
juancho,-1.29951,-74.82308
juancho,-1.30019,-74.8237
juancho,-1.30015,-74.82375
juancho,-1.29831,-74.82349
juancho,-1.29962,-74.82393
juancho,-1.29824,-74.82511
juancho,-1.29847,-74.82514
juancho,-1.29833,-74.82516
juancho,-1.29704,-74.82424
juancho,-1.29716,-74.82416
juancho,-1.29383,-74.82341
juancho,-1.29423,-74.82512
juancho,-1.29416,-74.82509
juancho,-1.29392,-74.825
juancho,-1.29855,-74.82711
juancho,-1.29813,-74.82709
juancho,-1.29808,-74.82728
juancho,-1.29706,-74.82704
juancho,-1.29558,-74.82864
juancho,-1.29587,-74.82905
juancho,-1.29545,-74.82893
juancho,-1.29409,-74.82868
juancho,-1.29434,-74.82893
juancho,-1.29417,-74.82892
juancho,-1.29303,-74.83035
juancho,-1.29335,-74.83032
juancho,-1.29102,-74.82657
juancho,-1.29056,-74.82725
juancho,-1.28994,-74.82733
juancho,-1.29056,-74.82557
juancho,-1.29092,-74.82455
juancho,-1.29131,-74.82585
juancho,-1.28934,-74.82506
juancho,-1.28766,-74.82705
juancho,-1.28883,-74.82702
juancho,-1.29911,-74.82791
juancho,-1.30029,-74.82687
juancho,-1.30029,-74.82612
juancho,-1.30121,-74.82855
juancho,-1.3021,-74.82858
juancho,-1.30227,-74.82886
juancho,-1.30294,-74.82878
juancho,-1.30281,-74.82875
juancho,-1.30281,-74.82878
juancho,-1.30249,-74.82915
juancho,-1.30203,-74.829
juancho,-1.3021,-74.82868
juancho,-1.30223,-74.8283
juancho,-1.30157,-74.82845
juancho,-1.30232,-74.82855
juancho,-1.30233,-74.82855
juancho,-1.30231,-74.82852
juancho,-1.30228,-74.829
juancho,-1.30167,-74.82862
juancho,-1.30177,-74.82878
juancho,-1.30179,-74.82819
juancho,-1.30235,-74.82849
juancho,-1.30234,-74.8285
juancho,-1.30223,-74.82885
juancho,-1.30269,-74.82945
juancho,-1.30116,-74.82849
juancho,-1.30166,-74.82771
juancho,-1.30184,-74.82776
juancho,-1.30183,-74.82773
juancho,-1.30158,-74.82857
juancho,-1.30281,-74.82891
juancho,-1.30384,-74.82957
juancho,-1.30385,-74.8295
juancho,-1.30302,-74.82836
juancho,-1.2998,-74.82422
juancho,-1.29998,-74.82391
juancho,-1.30012,-74.82385
juancho,-1.3005,-74.8238
juancho,-1.30006,-74.82353
juancho,-1.29967,-74.82314
juancho,-1.299,-74.82391
juancho,-1.29854,-74.82544
juancho,-1.29857,-74.82552
juancho,-1.30026,-74.82611
juancho,-1.29838,-74.82538
juancho,-1.29838,-74.82551
juancho,-1.29701,-74.82378
juancho,-1.29756,-74.82345
juancho,-1.29696,-74.82237
juancho,-1.29516,-74.82399
juancho,-1.29478,-74.82401
juancho,-1.29518,-74.82572
juancho,-1.29845,-74.82527
juancho,-1.29842,-74.82536
juancho,-1.29767,-74.82524
juancho,-1.29737,-74.82762
juancho,-1.29775,-74.82726
juancho,-1.29748,-74.82697
juancho,-1.29724,-74.82719
juancho,-1.2972,-74.82718
juancho,-1.29732,-74.82711
juancho,-1.29778,-74.82728
juancho,-1.29943,-74.82614
juancho,-1.29957,-74.82704
juancho,-1.29856,-74.82634
juancho,-1.29842,-74.82685
juancho,-1.29841,-74.82675
juancho,-1.30038,-74.82583
juancho,-1.30021,-74.82608
juancho,-1.30091,-74.83057
juancho,-1.30138,-74.82962
juancho,-1.30146,-74.82867
juancho,-1.30328,-74.82921
juancho,-1.30313,-74.8291
juancho,-1.30308,-74.82917
juancho,-1.30309,-74.82869
juancho,-1.30314,-74.82918
juancho,-1.30415,-74.82856
juancho,-1.30354,-74.82888
juancho,-1.30349,-74.8289
juancho,-1.3031,-74.82926
juancho,-1.30312,-74.82914
juancho,-1.30309,-74.82919
juancho,-1.30209,-74.82926
juancho,-1.30225,-74.8291
juancho,-1.30115,-74.82834
juancho,-1.30059,-74.82723
juancho,-1.30055,-74.82724
juancho,-1.29992,-74.82722
juancho,-1.29988,-74.8273
juancho,-1.29989,-74.82732
juancho,-1.30007,-74.82562
juancho,-1.29937,-74.8269
juancho,-1.29968,-74.82682
juancho,-1.30015,-74.82692
juancho,-1.29985,-74.82735
juancho,-1.29861,-74.82771
juancho,-1.29793,-74.82672
juancho,-1.29863,-74.82504
juancho,-1.29848,-74.82545
juancho,-1.29827,-74.82495
juancho,-1.29829,-74.82497
juancho,-1.29888,-74.82549
juancho,-1.29972,-74.82285
juancho,-1.29945,-74.82336
juancho,-1.2996,-74.82358
juancho,-1.29986,-74.82601
juancho,-1.29977,-74.82572
juancho,-1.29867,-74.82561
juancho,-1.29865,-74.82549
juancho,-1.29918,-74.82464
juancho,-1.29823,-74.82501
juancho,-1.29845,-74.82547
juancho,-1.30005,-74.82447
juancho,-1.2995,-74.82353
juancho,-1.29976,-74.82385
juancho,-1.29825,-74.82505
juancho,-1.29825,-74.82506
juancho,-1.2982,-74.82475
juancho,-1.29706,-74.82372
juancho,-1.29666,-74.8233
juancho,-1.29665,-74.82345
juancho,-1.29702,-74.82739
juancho,-1.298,-74.82719
juancho,-1.29799,-74.82721
juancho,-1.29769,-74.82703
juancho,-1.29613,-74.82666
juancho,-1.29655,-74.82688
juancho,-1.2966,-74.82688
juancho,-1.29664,-74.82687
juancho,-1.29653,-74.82673
juancho,-1.29652,-74.82675
juancho,-1.29606,-74.82746
juancho,-1.2968,-74.82678
juancho,-1.29661,-74.82686
juancho,-1.29662,-74.82685
juancho,-1.29871,-74.82735
juancho,-1.29889,-74.82742
juancho,-1.29855,-74.8279
juancho,-1.29866,-74.82782
juancho,-1.2988,-74.82742
juancho,-1.29868,-74.82733
juancho,-1.29996,-74.82617
juancho,-1.30066,-74.82595
juancho,-1.29992,-74.82386
juancho,-1.30046,-74.82383
juancho,-1.29999,-74.82381
juancho,-1.29998,-74.82384
juancho,-1.30053,-74.8248
juancho,-1.30366,-74.8238
juancho,-1.30394,-74.81945
juancho,-1.30488,-74.82132
juancho,-1.30496,-74.82131
juancho,-1.30309,-74.82105
juancho,-1.30198,-74.82203
juancho,-1.29934,-74.82166
juancho,-1.29913,-74.82256
juancho,-1.29744,-74.82334
juancho,-1.29759,-74.82393
juancho,-1.29748,-74.82351
juancho,-1.29873,-74.82776
juancho,-1.29852,-74.82762
juancho,-1.3027,-74.83116
juancho,-1.30259,-74.8314
juancho,-1.30255,-74.83103
juancho,-1.30266,-74.83022
juancho,-1.30289,-74.82993
juancho,-1.3032,-74.82993
juancho,-1.30322,-74.8298
juancho,-1.30326,-74.82993
juancho,-1.30445,-74.83058
juancho,-1.30334,-74.83034
juancho,-1.30292,-74.8305
juancho,-1.30309,-74.82996
juancho,-1.30315,-74.83003
juancho,-1.30314,-74.83004
juancho,-1.30419,-74.82845
juancho,-1.30422,-74.82848
juancho,-1.30576,-74.82488
juancho,-1.30628,-74.82478
juancho,-1.30532,-74.82546
juancho,-1.30539,-74.82557
juancho,-1.30545,-74.82549
juancho,-1.30502,-74.82575
juancho,-1.305,-74.82576
juancho,-1.30446,-74.82445
juancho,-1.30342,-74.82292
juancho,-1.30302,-74.82047
juancho,-1.30299,-74.82079
juancho,-1.30298,-74.82093
juancho,-1.30285,-74.82012
juancho,-1.30262,-74.81925
juancho,-1.30224,-74.82157
juancho,-1.30238,-74.82164
juancho,-1.30232,-74.82164
juancho,-1.30273,-74.82206
juancho,-1.30256,-74.82213
juancho,-1.30253,-74.82211
juancho,-1.30286,-74.82101
juancho,-1.30302,-74.82084
juancho,-1.30183,-74.81649
juancho,-1.30208,-74.81718
juancho,-1.30225,-74.81743
juancho,-1.30322,-74.81907
juancho,-1.30316,-74.81904
juancho,-1.30329,-74.82035
juancho,-1.30321,-74.82037
juancho,-1.30366,-74.81893
juancho,-1.30923,-74.82025
juancho,-1.30947,-74.82031
juancho,-1.30896,-74.81999
juancho,-1.30895,-74.81879
juancho,-1.30895,-74.81889
juancho,-1.30862,-74.81849
juancho,-1.30865,-74.81986
juancho,-1.30642,-74.82465
juancho,-1.30795,-74.8251
juancho,-1.30432,-74.82865
juancho,-1.30499,-74.82778
juancho,-1.30497,-74.82777
juancho,-1.30483,-74.82782
juancho,-1.30448,-74.8285
juancho,-1.30417,-74.82842
juancho,-1.3005,-74.82687
juancho,-1.30064,-74.82591
juancho,-1.30052,-74.82591
juancho,-1.29991,-74.82593
juancho,-1.29996,-74.82598
juancho,-1.29995,-74.82636
juancho,-1.30008,-74.82808
juancho,-1.30031,-74.82919
juancho,-1.29568,-74.82754
juancho,-1.29529,-74.8271
juancho,-1.29616,-74.82695
juancho,-1.29678,-74.82691
juancho,-1.29673,-74.82696
juancho,-1.29117,-74.82662
juancho,-1.291,-74.82472
juancho,-1.29242,-74.82501
juancho,-1.29247,-74.82473
juancho,-1.29776,-74.82813
juancho,-1.29764,-74.82753
juancho,-1.29735,-74.82333
juancho,-1.29871,-74.82154
juancho,-1.29851,-74.82151
juancho,-1.29872,-74.82185
juancho,-1.29927,-74.8217
juancho,-1.29965,-74.82312
juancho,-1.30081,-74.82278
juancho,-1.30035,-74.82376
juancho,-1.29974,-74.82314
juancho,-1.29982,-74.82408
juancho,-1.2999,-74.82443
juancho,-1.29976,-74.82575
juancho,-1.2986,-74.82572
juancho,-1.29859,-74.82563
juancho,-1.29855,-74.82558
juancho,-1.29728,-74.82343
juancho,-1.29638,-74.82307
juancho,-1.29533,-74.82266
juancho,-1.29511,-74.82512
juancho,-1.2963,-74.82535
juancho,-1.30072,-74.82833
juancho,-1.29923,-74.82715
juancho,-1.29929,-74.82722
juancho,-1.30071,-74.82878
juancho,-1.30169,-74.82858
juancho,-1.3025,-74.82892
juancho,-1.30234,-74.82903
juancho,-1.30263,-74.82894
juancho,-1.3014,-74.82847
juancho,-1.30227,-74.8286
juancho,-1.30249,-74.82895
pepe,-1.30245,-74.8289
pepe,-1.30247,-74.82889
pepe,-1.30254,-74.82894
pepe,-1.30275,-74.82917
pepe,-1.30356,-74.82956
pepe,-1.30471,-74.82934
pepe,-1.30423,-74.82986
pepe,-1.3042,-74.82984
pepe,-1.30426,-74.83013
pepe,-1.30393,-74.83002
pepe,-1.30397,-74.82991
pepe,-1.3039,-74.82984
pepe,-1.30414,-74.82956
pepe,-1.30469,-74.82914
pepe,-1.30437,-74.82973
pepe,-1.30419,-74.8298
pepe,-1.30395,-74.83031
pepe,-1.30409,-74.8299
pepe,-1.30405,-74.82985
pepe,-1.30397,-74.82918
pepe,-1.30478,-74.82874
pepe,-1.30306,-74.83001
pepe,-1.30444,-74.83048
pepe,-1.30405,-74.83071
pepe,-1.3042,-74.82976
pepe,-1.30419,-74.82981
pepe,-1.30453,-74.82874
pepe,-1.30467,-74.82914
pepe,-1.30387,-74.82739
pepe,-1.30616,-74.82428
pepe,-1.30586,-74.82432
pepe,-1.30523,-74.82482
pepe,-1.30553,-74.82546
pepe,-1.30538,-74.8262
pepe,-1.30543,-74.82668
pepe,-1.30521,-74.82691
pepe,-1.30482,-74.82713
pepe,-1.30517,-74.82726
pepe,-1.30521,-74.82732
pepe,-1.30474,-74.82721
pepe,-1.30599,-74.82618
pepe,-1.30531,-74.82459
pepe,-1.30287,-74.82225
pepe,-1.30259,-74.82228
pepe,-1.30246,-74.82137
pepe,-1.30247,-74.82133
pepe,-1.3035,-74.81989
pepe,-1.30325,-74.82076
pepe,-1.30332,-74.8207
pepe,-1.30206,-74.81884
pepe,-1.30215,-74.81968
pepe,-1.3025,-74.82072
pepe,-1.30249,-74.82137
pepe,-1.30471,-74.8216
pepe,-1.30314,-74.82873
pepe,-1.30308,-74.82875
pepe,-1.30301,-74.82882
pepe,-1.30368,-74.82918
pepe,-1.30335,-74.82916
pepe,-1.30298,-74.82885
pepe,-1.30296,-74.82857
pepe,-1.30298,-74.82901
pepe,-1.30309,-74.8287
pepe,-1.30384,-74.82856
pepe,-1.30302,-74.82878
pepe,-1.30288,-74.82851
pepe,-1.30294,-74.82893
pepe,-1.30295,-74.82884
pepe,-1.3042,-74.82847
pepe,-1.30301,-74.8288
pepe,-1.30296,-74.82883
pepe,-1.30303,-74.82874
pepe,-1.30315,-74.82924
pepe,-1.30404,-74.82852
pepe,-1.3036,-74.8294
pepe,-1.30348,-74.82972
pepe,-1.30376,-74.82927
pepe,-1.3042,-74.82907
pepe,-1.30422,-74.82823
pepe,-1.30427,-74.82833
pepe,-1.30412,-74.82846
pepe,-1.30416,-74.82843
pepe,-1.30416,-74.82797
pepe,-1.30488,-74.82686
pepe,-1.30414,-74.828
pepe,-1.3042,-74.82784
pepe,-1.30411,-74.82797
pepe,-1.30471,-74.82588
pepe,-1.30492,-74.8257
pepe,-1.30511,-74.82562
pepe,-1.30504,-74.82541
pepe,-1.30544,-74.82556
pepe,-1.30554,-74.82516
pepe,-1.30512,-74.82548
pepe,-1.30499,-74.82556
pepe,-1.30517,-74.82551
pepe,-1.3052,-74.82525
pepe,-1.30568,-74.82453
pepe,-1.30465,-74.82478
pepe,-1.30503,-74.82406
pepe,-1.3045,-74.82334
pepe,-1.30465,-74.8242
pepe,-1.30464,-74.82419
pepe,-1.30326,-74.82175
pepe,-1.30292,-74.82106
pepe,-1.30286,-74.82082
pepe,-1.3029,-74.82108
pepe,-1.30321,-74.82047
pepe,-1.30291,-74.82034
pepe,-1.30292,-74.82108
pepe,-1.30248,-74.82071
pepe,-1.30263,-74.82029
pepe,-1.30258,-74.82022
pepe,-1.30292,-74.81886
pepe,-1.30265,-74.81995
pepe,-1.30249,-74.81989
pepe,-1.3028,-74.81975
pepe,-1.3028,-74.8196
pepe,-1.30286,-74.8188
pepe,-1.30265,-74.81995
pepe,-1.30273,-74.81964
pepe,-1.30315,-74.82038
pepe,-1.30279,-74.82138
pepe,-1.30313,-74.8225
pepe,-1.30227,-74.8206
pepe,-1.30257,-74.82069
pepe,-1.30355,-74.82112
pepe,-1.30217,-74.8217
pepe,-1.3027,-74.81864
pepe,-1.3034,-74.8186
pepe,-1.30237,-74.81936
pepe,-1.30349,-74.82028
pepe,-1.30293,-74.82015
pepe,-1.30354,-74.82004
pepe,-1.30217,-74.81958
pepe,-1.30321,-74.81891
pepe,-1.30315,-74.8191
pepe,-1.30282,-74.81855
pepe,-1.30315,-74.8191
pepe,-1.30212,-74.8197
pepe,-1.30288,-74.81936
pepe,-1.3034,-74.81922
pepe,-1.30245,-74.82012
pepe,-1.3021,-74.81822
pepe,-1.30244,-74.82013
pepe,-1.30333,-74.81858
pepe,-1.30323,-74.81904
pepe,-1.3025,-74.81745
pepe,-1.30304,-74.81919
pepe,-1.30282,-74.81896
pepe,-1.30305,-74.81917
pepe,-1.3017,-74.81964
pepe,-1.30247,-74.8198
pepe,-1.30491,-74.82228
pepe,-1.30454,-74.82119
pepe,-1.31022,-74.8198
pepe,-1.30999,-74.81854
pepe,-1.30958,-74.81904
pepe,-1.31013,-74.81866
pepe,-1.30933,-74.81895
pepe,-1.31002,-74.81854
pepe,-1.31002,-74.81773
pepe,-1.30855,-74.81838
pepe,-1.30945,-74.81797
pepe,-1.30874,-74.81884
pepe,-1.3096,-74.8196
pepe,-1.31013,-74.81878
pepe,-1.31056,-74.81895
pepe,-1.31026,-74.81897
pepe,-1.30998,-74.81851
pepe,-1.309,-74.81828
pepe,-1.30939,-74.81819
pepe,-1.309,-74.81829
pepe,-1.30916,-74.81923
pepe,-1.31051,-74.81922
pepe,-1.31033,-74.81894
pepe,-1.306,-74.82439
pepe,-1.3059,-74.82431
pepe,-1.30532,-74.82417
pepe,-1.30503,-74.82376
pepe,-1.30005,-74.82399
pepe,-1.30009,-74.82386
pepe,-1.29647,-74.82681
pepe,-1.29737,-74.82682
pepe,-1.29697,-74.82706
pepe,-1.29733,-74.82709
pepe,-1.29759,-74.82674
pepe,-1.29727,-74.82709
pepe,-1.29583,-74.82667
pepe,-1.29728,-74.82711
pepe,-1.2973,-74.82712
pepe,-1.29825,-74.82684
pepe,-1.29831,-74.82824
pepe,-1.29834,-74.82743
pepe,-1.29447,-74.82875
pepe,-1.29417,-74.82948
pepe,-1.29449,-74.82988
pepe,-1.2942,-74.82951
pepe,-1.29497,-74.82899
pepe,-1.29392,-74.8297
pepe,-1.29408,-74.82436
pepe,-1.29572,-74.82422
pepe,-1.29634,-74.82366
pepe,-1.29697,-74.82353
pepe,-1.29672,-74.82345
pepe,-1.29539,-74.82446
pepe,-1.29552,-74.82385
pepe,,-74.82385
pepe,,-74.82412
pepe,-1.29987,-74.82427
pepe,-1.29953,
pepe,-1.29894,-74.82236
pepe,-1.30066,-74.82367
pepe,-1.303,-74.82167
pepe,-1.30265,-74.82157
pepe,-1.30349,-74.81902
pepe,-1.30302,-74.82077
pepe,-1.30213,-74.81946
pepe,-1.30244,-74.81985
pepe,-1.30387,-74.81822
pepe,-1.30349,-74.82051
pepe,-1.30339,-74.82009
pepe,-1.30306,-74.82156
pepe,-1.30471,-74.82204
pepe,-1.30459,-74.82096
pepe,-1.30875,-74.81992
pepe,-1.3092,-74.81832
pepe,-1.30895,-74.81986
pepe,-1.30971,-74.81803
pepe,-1.30603,-74.8225
pepe,-1.30688,-74.82219
pepe,-1.30663,-74.82163
pepe,-1.30684,-74.82247
pepe,-1.30666,-74.82256
pepe,-1.30656,-74.82224
pepe,-1.30733,-74.82221
pepe,-1.30672,-74.82237
pepe,-1.3073,-74.82218
pepe,-1.30652,-74.82208
pepe,-1.30685,-74.82217
pepe,-1.30717,-74.82242
pepe,-1.30698,-74.82224
pepe,-1.30751,-74.82213
pepe,-1.30719,-74.82249
pepe,-1.30758,-74.82239
pepe,-1.30701,-74.82256
pepe,-1.30617,-74.82153
pepe,-1.3066,-74.82208
pepe,-1.30683,-74.82295
pepe,-1.30616,-74.82251
pepe,-1.30388,-74.82185
pepe,-1.30356,-74.82157
pepe,-1.30295,-74.82083
pepe,-1.30279,-74.82172
pepe,-1.3029,-74.82034
pepe,-1.3029,-74.82036
pepe,-1.30929,-74.82031
pepe,-1.30909,-74.8208
pepe,-1.30809,-74.82035
pepe,-1.30902,-74.81828
pepe,-1.30918,-74.81828
pepe,-1.3104,-74.81989
pepe,-1.30913,-74.81823
pepe,-1.30981,-74.81808
pepe,-1.30923,-74.81834
pepe,-1.31046,-74.82056
pepe,-1.31116,-74.81914
pepe,-1.3115,-74.81941
pepe,-1.31121,-74.81929
pepe,-1.31003,-74.81868
pepe,-1.31088,-74.81956
pepe,-1.31004,-74.81868
pepe,-1.31049,-74.81927
pepe,-1.31052,-74.81928
pepe,-1.31068,-74.81991
pepe,-1.30971,-74.82075
pepe,-1.31031,-74.82119
pepe,-1.3094,-74.82002
pepe,-1.30349,-74.82096
pepe,-1.30435,-74.82092
pepe,-1.30593,-74.82269
pepe,-1.30654,-74.82338
pepe,-1.30524,-74.82295
pepe,-1.3054,-74.82434
pepe,-1.30576,-74.82518
pepe,-1.30602,-74.82636
pepe,-1.30549,-74.82615
pepe,-1.30662,-74.82482
pepe,-1.30585,-74.82495
pepe,-1.29568,-74.82668
pepe,-1.29586,-74.82678
pepe,-1.2946,-74.83006
pepe,-1.29438,-74.82881
pepe,-1.29419,-74.82798
pepe,-1.29438,-74.82881
pepe,-1.29422,-74.83045
pepe,-1.29301,-74.83019
pepe,-1.29362,-74.83011
pepe,-1.29392,-74.8296
pepe,-1.29697,-74.83085
pepe,-1.29721,-74.82725
pepe,-1.29684,-74.82352
pepe,-1.29664,-74.82347
pepe,-1.29531,-74.82307
pepe,-1.2956,-74.82419
pepe,-1.2963,-74.82343
pepe,-1.29523,-74.8243
pepe,-1.3015,-74.82747
pepe,-1.30135,-74.82829
pepe,-1.30033,-74.82565
pepe,-1.30197,-74.82698
pepe,-1.30218,-74.82797
pepe,-1.29613,-74.82701
pepe,-1.29576,-74.82694
pepe,-1.30836,-74.82129
pepe,-1.30918,-74.82036
pepe,-1.30815,-74.82078
pepe,-1.3093,-74.82
pepe,-1.30884,-74.82079
pepe,-1.30969,-74.81875
pepe,,-74.82021
pepe,-1.31034,-74.8204
pepe,-1.31071,-74.81982
pepe,-1.31128,-74.82072
pepe,-1.3111,-74.81954
pepe,-1.31035,-74.82138
pepe,-1.31036,-74.81861
pepe,-1.30809,-74.82018
pepe,-1.30965,-74.8198
pepe,,-74.81867
pepe,-1.30948,-74.82053
pepe,-1.30915,-74.81826
pepe,-1.30881,-74.81923
pepe,-1.30886,-74.8198
pepe,-1.30975,-74.8216
pepe,-1.30783,-74.82089
pepe,-1.30921,-74.82041
sara,-1.30816,-74.81952
sara,-1.30489,-74.82159
sara,-1.30368,-74.81824
sara,-1.30798,-74.82394
sara,,-74.82317
sara,-1.30605,-74.82295
sara,-1.3069,-74.82283
sara,-1.30706,-74.82224
sara,-1.30682,-74.82316
sara,-1.30713,-74.82271
sara,-1.30707,-74.82224
sara,-1.30915,-74.81743
sara,-1.31048,-74.81953
sara,-1.30903,-74.82124
sara,-1.30529,-74.82172
sara,-1.30293,-74.81947
sara,,-74.81761
sara,-1.30312,-74.81779
sara,-1.30215,-74.82191
sara,-1.30378,-74.81787
sara,-1.30372,-74.81939
sara,-1.30976,-74.82125
sara,-1.30881,-74.81798
sara,-1.30931,-74.82047
sara,-1.30895,-74.81828
sara,-1.30964,-74.82046
sara,-1.30774,-74.81795
sara,-1.30738,-74.8194
sara,-1.30364,-74.81803
sara,-1.30342,-74.81926
sara,-1.30218,-74.81828
sara,-1.30301,-74.81886
sara,-1.30242,-74.82182
sara,-1.30314,-74.82045
sara,-1.30626,-74.82315
sara,-1.30554,-74.82282
sara,-1.31108,-74.81915
sara,-1.3104,-74.81721
sara,-1.30914,-74.81848
sara,-1.30799,-74.82129
sara,-1.3056,-74.82314
sara,-1.30323,-74.82173
sara,-1.30193,-74.8219
sara,-1.30286,-74.82151
sara,-1.3017,-74.81796
sara,-1.2988,-74.82201
sara,-1.29926,-74.82279
sara,-1.3015,-74.82773
sara,-1.29818,-74.82536
sara,-1.30717,-74.82462
sara,-1.30592,-74.82413
sara,-1.30502,-74.82425
sara,-1.30751,-74.82208
sara,-1.30492,-74.82086
sara,-1.31101,-74.82135
sara,-1.30763,-74.8171
sara,-1.30708,-74.82256
sara,-1.30465,-74.82174
sara,-1.30453,-74.8216
sara,-1.30387,-74.81852
sara,-1.30332,-74.81811
sara,-1.30328,-74.81787
sara,-1.30686,-74.81955
sara,-1.31298,-74.82
sara,-1.30511,-74.8262
sara,-1.30184,-74.82231
sara,-1.30975,-74.81883
sara,-1.30534,-74.82079
sara,-1.30705,-74.82282
sara,-1.30683,-74.82273
sara,-1.30668,-74.82265
sara,-1.30742,-74.82398
sara,-1.30668,-74.82348
sara,-1.30694,-74.82357
sara,-1.30761,-74.82334
sara,-1.30751,-74.82391
sara,-1.3076,-74.82345
sara,-1.30896,-74.82293
sara,-1.30562,-74.82422
sara,-1.30564,-74.82411
sara,-1.3056,-74.82418
sara,-1.30567,-74.82413
sara,-1.30564,-74.82414
sara,-1.30566,-74.82419
sara,-1.30856,-74.81964
sara,-1.30622,-74.82419
sara,-1.30368,-74.81999
sara,-1.30568,-74.82358
sara,-1.30598,-74.82255
sara,-1.30322,-74.8216
sara,-1.30301,-74.82199
sara,-1.30214,-74.81806
sara,-1.30218,-74.81811
sara,-1.30245,-74.81745
sara,-1.30216,-74.81733
sara,-1.30219,-74.81717
sara,-1.30233,-74.82133
sara,-1.30246,-74.82134
sara,-1.31032,-74.81888
sara,-1.30959,-74.8191
sara,-1.31048,-74.81883
sara,-1.31042,-74.81799
sara,-1.3105,-74.81882
sara,-1.31135,-74.82031
sara,-1.31026,-74.81861
sara,-1.3098,-74.81777
sara,-1.30998,-74.81955
sara,-1.31048,-74.81923
sara,-1.31073,-74.82034
sara,-1.31044,-74.81907
sara,-1.30368,-74.81918
sara,-1.31071,-74.81987
sara,-1.31026,-74.82047
sara,-1.30444,-74.8189
sara,-1.30446,-74.81752
sara,-1.30367,-74.81763
sara,-1.30289,-74.81912
sara,-1.30232,-74.8184
sara,-1.30293,-74.82202
sara,-1.30296,-74.82211
sara,-1.30323,-74.82245
sara,-1.30293,-74.82198
sara,-1.30291,-74.82204
sara,-1.30248,-74.82053
sara,-1.30241,-74.82112
sara,-1.30813,-74.82208
sara,-1.30839,-74.81996
sara,-1.30839,-74.82073
sara,-1.30694,-74.82096
sara,-1.30635,-74.82263
sara,-1.30918,-74.81878
sara,-1.30975,-74.81809
sara,-1.30938,-74.821
sara,-1.30398,-74.81888
sara,-1.30716,-74.821
sara,-1.30302,-74.81792
sara,-1.30317,
sara,-1.30276,-74.81959
sara,-1.30253,-74.82018
sara,-1.30215,-74.82203
sara,-1.30397,-74.81806
sara,-1.30279,-74.8196
sara,-1.30233,-74.8187
sara,-1.30228,-74.81819
sara,-1.31018,-74.8178
sara,-1.31018,-74.81887
sara,-1.31113,-74.81983
sara,-1.31046,-74.81857
sara,-1.31297,-74.82004
sara,-1.30923,-74.8184
sara,-1.30876,-74.81826
sara,-1.30879,-74.81829
sara,-1.30429,-74.81793
sara,-1.30324,-74.82134
sara,-1.30314,-74.82141
sara,-1.30338,-74.8198
sara,-1.3036,-74.81783
sara,-1.30692,-74.81951
sara,-1.30747,-74.81903
sara,-1.3074,-74.81938
sara,,-74.82092
sara,-1.30685,-74.82159
sara,-1.3059,-74.82259
sara,-1.30292,-74.81916
sara,-1.30317,-74.81905
sara,-1.29678,-74.82269
sara,-1.29644,-74.8227
sara,-1.29921,-74.82243
sara,-1.29873,-74.82223
sara,-1.29972,-74.82593
sara,-1.29857,-74.82128
sara,-1.29869,-74.82228
sara,-1.30128,-74.82065
sara,-1.30152,-74.82063
sara,-1.30468,-74.81868
sara,-1.30468,-74.8187
sara,-1.31018,-74.8179
sara,-1.30888,-74.81832
sara,-1.30787,-74.8207
sara,-1.30215,-74.82115
sara,-1.30264,-74.82211
sara,-1.30362,-74.81928
sara,-1.30229,-74.81821
sara,-1.30271,-74.81839
sara,-1.3026,-74.81925
sara,-1.30266,-74.81734
sara,-1.3038,-74.81722
sara,,-74.81822
sara,-1.30601,-74.82452
sara,-1.30565,-74.82485
sara,-1.30519,-74.82487
sara,-1.30558,-74.8249
sara,-1.30607,-74.82636
sara,-1.30601,-74.8262
sara,-1.30594,-74.8265
sara,-1.30595,-74.8262
sara,-1.30538,-74.82676
sara,-1.30568,-74.8261
sara,-1.29976,-74.82382
sara,-1.30045,-74.82385
sara,-1.29973,-74.82364
sara,-1.29872,-74.82227
sara,-1.29641,-74.82263
sara,-1.2961,-74.82283
sara,-1.30024,-74.82005
sara,-1.30165,-74.8206
sara,-1.30914,-74.81835
sara,-1.30958,-74.81957
sara,-1.30887,-74.81836
sara,-1.30805,
sara,-1.30836,-74.81839
sara,-1.30782,-74.82015
sara,-1.30793,-74.82462
sara,-1.29693,-74.82335
sara,-1.29459,-74.82995
sara,-1.29428,-74.82893
sara,-1.2945,-74.83004
sara,-1.2936,-74.83023
sara,-1.29661,-74.82669
sara,-1.29643,-74.82707
sara,-1.29681,-74.83194
sara,-1.29409,-74.83001
sara,-1.29413,-74.83
sara,-1.29651,-74.82685
sara,-1.30467,-74.82538
sara,-1.30636,-74.82684
sara,-1.30574,-74.82491
sara,-1.30457,-74.8253
sara,-1.30578,-74.82589
sara,,
sara,-1.30494,-74.82544
sara,-1.30979,-74.81811
sara,-1.30814,-74.8186
sara,-1.30374,-74.81725
sara,-1.30269,-74.82004
sara,-1.30148,-74.81902
sara,-1.3026,-74.81946
sara,-1.3026,-74.81944
sara,-1.3026,-74.81946
sara,-1.30224,-74.81808
sara,-1.30288,-74.82137
sara,-1.30183,-74.82156
sara,-1.30164,-74.81909
sara,-1.30276,-74.8196
sara,-1.30202,-74.81825
sara,-1.30267,-74.81915
sara,-1.30958,-74.81796
sara,-1.30855,-74.81849
sara,-1.31305,-74.82201
sara,-1.30239,-74.82244
sara,-1.30233,-74.82245
sara,-1.30329,-74.81863
sara,-1.3024,-74.82102
sara,-1.30833,-74.82199
sara,-1.50833,-76.82199
