"colesterol","trigliceridos","proteina","bun","sexo"
298.964564193301,679.019666147549,4.45882967613058,11.5692959978895,"macho"
299.951135472713,681.556169029194,5.55156309386167,11.9497185379538,"macho"
299.452720428354,679.625239443135,5.94218528286464,13.2788611348057,"macho"
297.929246759066,677.702828413447,4.63593705372272,12.7684089782007,"macho"
298.927658179549,678.656758400979,6.32115049812781,13.9609806270518,"macho"
NA,678.313231859644,5.51814132627963,13.4130956196747,"macho"
298.706417056148,679.964882497464,6.06924385939266,12.0097398675788,"macho"
299.199063240916,679.286020775284,6.43266420612088,12.4838312664249,"macho"
299.455054532867,680.235503558367,5.45745150775044,12.5383707315857,"macho"
299.960328329566,680.902435498805,4.96768007878513,NA,"macho"
300.327295922366,681.476099582659,7.58423770875377,13.9201176868641,"macho"
300.091966136489,679.482966032205,5.95302574457107,12.7059464076924,"macho"
300.805190033577,679.677176550222,5.41934839974235,12.7482390757238,"macho"
299.218161441468,679.600151252675,4.61995233830304,13.0490583489782,"macho"
299.376392278502,680.808857155098,6.10635592461531,13.1468177014991,"macho"
299.50272749222,679.178309912356,7.22780594874882,13.6619770844345,"macho"
299.64027607937,679.188297843453,4.69661304750223,11.9761674043863,"macho"
299.044386685551,679.517616291292,4.86405190421422,13.9782578917979,"macho"
301.183489782555,681.060462146531,NA,NA,"macho"
299.839116156412,680.141142026151,5.13739021479907,NA,"macho"
300.218978221834,681.899220921873,5.09600952122738,13.443236498983,"macho"
298.298070474548,678.666223884576,4.66718723581479,11.8278423735522,"macho"
300.129954650335,NA,5.69824649920108,12.5102979630081,"macho"
NA,680.94842338089,7.37472127422805,14.7288934141367,"macho"
300.401267164251,679.879015426784,NA,12.4771779802316,"macho"
298.229447385364,NA,7.52072080753477,12.7305847507768,"macho"
301.14135315977,NA,5.18814643070191,12.745368845708,"macho"
300.810796377636,679.136637418787,6.56902834383216,NA,"macho"
300.775634859732,680.215970084333,6.30344539444221,12.2627170003805,"macho"
300.287748035118,680.777290219656,6.59711119648092,13.4294118723268,"macho"
299.289703966284,679.251332976884,5.22074492909467,NA,"macho"
299.624856361202,678.699169941592,6.8034168607376,14.6847414444153,"macho"
299.869250690397,680.175928568104,4.86390639216091,NA,"macho"
299.931657894213,681.217790281697,6.48132939068041,NA,"macho"
NA,682.761048839027,7.18998821449949,14.5290286374085,"macho"
299.620407568509,677.713429563323,6.8542320267903,13.0577373850247,"macho"
299.43082944104,NA,7.92731113980533,13.4725911205441,"macho"
299.146161888457,678.46608584651,5.84132022769629,13.4858044816821,"macho"
298.503901262928,678.458197873023,NA,13.0688721065766,"macho"
NA,680.17909438862,NA,13.8686437525384,"macho"
300.460875228605,NA,7.38353062232252,14.2113260203427,"macho"
300.94934910574,680.007045989843,6.25172598273598,13.2184199076005,"macho"
NA,679.211686589815,6.0921942919583,13.0503117768628,"macho"
300.608033815713,680.392689013101,8.47165848747622,14.5018817772681,"macho"
300.084648598643,NA,5.48400153503895,13.0867020470805,"macho"
298.442654300149,679.197072178216,5.10322209696177,12.3274283319984,"macho"
300.892041759366,680.777569522944,5.57187696657429,NA,"macho"
300.190016269683,679.869013194761,6.07329482751702,12.1616181384584,"macho"
299.841596099127,680.250059883166,5.39678314690337,12.7611397597266,"macho"
297.475635639766,677.98807283508,4.64020109100983,12.5322552474238,"macho"
299.935796035295,680.117920471851,5.98219848234,NA,"macho"
299.921216950359,679.815304657093,4.84254534687295,10.8776397672758,"macho"
300.95782153855,680.390149848451,4.84635411378454,10.6432615740203,"macho"
299.324991160599,680.222685093823,5.07648076000023,13.5169032089239,"macho"
NA,680.342781166351,7.12630126996707,13.2548516814096,"macho"
300.702288135997,679.407219692501,NA,13.6885868879747,"macho"
302.368823049327,680.624721887147,6.991089021317,14.769134663513,"macho"
299.336358307513,679.3405796494,7.43361592985651,12.9682314681125,"macho"
NA,677.538799568556,4.61392782049241,NA,"macho"
301.591319779986,680.787552401791,6.047644276243,14.3715114075248,"macho"
301.924098803259,682.716160582358,6.34725650454533,13.0750772527779,"macho"
299.083467935329,678.867455534523,NA,12.9486390767581,"macho"
299.298361276263,NA,5.89425906132655,14.3899596924864,"macho"
301.438898259895,680.33904320268,6.52122899677665,NA,"macho"
NA,680.492318861581,7.77025559985305,14.1200263094431,"macho"
300.049227786796,678.989066735342,5.8193023893914,14.4632028419212,"macho"
NA,681.429406403435,6.90908728110541,12.4629357509772,"macho"
299.357639143778,679.973755204099,7.06842293471049,NA,"macho"
301.955835551623,681.466159997831,6.02794449532474,12.943013627853,"macho"
300.354417415074,679.932973682595,6.60950189044703,13.8109488811693,"macho"
300.443929746755,NA,6.61577898445922,12.2925612914625,"macho"
300.561241339251,679.268968692246,6.27156440025726,13.6854178188275,"macho"
301.078683555774,681.427288485994,5.77897949936359,14.3181907119285,"macho"
300.092566017222,679.676041427787,5.43425428565792,11.6525432520114,"macho"
298.707478397988,NA,6.62727846358337,NA,"macho"
300.490056417028,678.702470165914,6.76266841766073,13.8786797113577,"macho"
NA,679.967593114151,6.44993330954724,11.8087319197956,"macho"
300.976353256765,NA,7.52995052830929,14.2633887274884,"macho"
300.14717695275,680.361150611344,6.02867862500986,13.1963192138364,"macho"
299.76876935976,680.254645158931,5.2419775210058,NA,"macho"
300.492645632366,679.818299044581,7.39399505859956,13.9193360661208,"macho"
300.456175450627,681.549794887409,6.9817662126105,13.9471030128176,"macho"
300.702326378413,678.759255536901,NA,13.6168481498683,"macho"
301.065566987871,680.157087863349,6.09894882548748,12.5529746067915,"macho"
298.95735123654,680.265524825487,NA,11.6967300647079,"macho"
299.315324101227,680.103009211878,7.52805963026452,13.9268976713084,"macho"
298.861158607813,678.768407215812,5.93875487113141,14.1071189590315,"macho"
300.508096777745,680.610413363113,5.79309082585263,12.8169892676455,"macho"
300.186996029111,679.800834700853,6.8372414672585,14.0368657136686,"macho"
300.105911243482,679.378835979242,5.24403275781315,13.9024498928899,"macho"
299.586140905097,680.192576859453,6.52952076914136,NA,"macho"
298.602730982518,677.478642792194,4.46069936523024,13.5892166938527,"macho"
298.697862063137,680.500815054125,5.04229520688713,11.067880819498,"macho"
299.519412888641,679.855723794005,6.3308287262202,12.5382474380733,"macho"
300.492562512559,678.555695103724,5.78872121731561,12.8823355580903,"macho"
299.917300773693,679.650377297836,6.18871529725878,13.749266179313,"macho"
300.199775059932,679.663704245659,6.95831161954717,12.1345354018516,"macho"
300.766735956583,NA,7.08739100111581,13.6279101459125,"macho"
299.745848553771,679.234119432051,4.42653557858508,12.4383452287902,"macho"
303.485094797844,682.296252884123,7.16198007428238,14.0775713644613,"macho"
299.100883083175,679.639688956288,7.11360878726505,14.7436722649527,"macho"
300.126940787009,679.504029071417,7.3140073872929,15.1410415914799,"macho"
300.137176248694,681.336768742083,7.51955008638096,NA,"macho"
299.817386213182,677.879537804125,NA,12.5945112443797,"macho"
299.911532139147,NA,4.71456679828443,12.891595169911,"macho"
301.17092634925,680.012140170446,8.21241562415214,14.0227082482798,"macho"
300.322637669779,NA,5.29077191078608,11.9901208830098,"macho"
300.265685029993,682.609700976843,3.88808093753078,11.7757389406352,"macho"
299.995681973082,680.191875567897,5.97021206166636,12.3216487128287,"macho"
300.468436764321,681.747942623804,5.17013543730644,13.8630779325034,"macho"
300.888425120504,679.854300779041,6.29408311331812,12.4344663489482,"macho"
299.739780300869,678.916022467575,6.09055610796097,14.0082749973022,"macho"
299.215889789245,678.898197591574,4.18345894629147,NA,"macho"
299.071622975593,680.350373340215,3.81038656265528,11.1600935086061,"macho"
299.559173075546,679.445931309227,7.32003772264804,12.8240230881604,"macho"
299.975604129577,679.278152117587,6.67731794775473,12.7761589837165,"macho"
298.107550915934,NA,4.32229466124014,13.1375047186003,"macho"
298.951628657398,679.706056065286,6.24668468356651,12.9208873489147,"macho"
NA,680.783545032193,5.82961851136485,13.401127268567,"macho"
298.595662294038,NA,5.92968765568716,12.5189572681945,"macho"
301.210342215591,680.553926639779,6.62727618749058,13.6563555861737,"macho"
299.972582245465,679.562301577463,7.08602143236017,15.0096875249082,"macho"
301.589920140818,681.175327677705,7.14475953878566,NA,"macho"
299.887145666716,679.211070360342,6.18046221308507,12.9768080850448,"macho"
299.506887012913,680.098547112477,6.78763026098511,NA,"macho"
NA,NA,8.17282771086848,15.8061931682881,"macho"
298.849217803831,677.84302260794,NA,12.1818226424899,"macho"
301.568087060144,681.727584414975,7.30336813690926,NA,"macho"
300.272006825137,680.241114388536,6.91190137858163,13.9575725514322,"macho"
299.034080259108,NA,3.94965161563913,12.5093136409663,"macho"
301.50615417223,680.754487107537,6.70239803619309,13.8501937230208,"macho"
299.53471227709,680.151844369859,3.83219113433204,11.4523599923938,"macho"
298.999088473172,678.8259129431,3.45689177750678,12.0148094782087,"macho"
299.698835138794,678.309171531894,6.11273058314407,12.7995969232363,"macho"
302.036596610028,NA,5.89009536420859,13.9300432060975,"macho"
300.27237637474,NA,6.62734581697735,11.9517637507164,"macho"
299.574573067164,678.914706178982,4.31226660931655,11.2341417246605,"macho"
299.237686039021,681.448755052959,5.29085615958884,10.5300123553837,"macho"
301.27874181657,682.890067171223,7.47334069159476,15.3168801931824,"macho"
298.353039417453,677.67910780339,NA,12.3520493865251,"macho"
300.85044112222,679.33973099759,6.77385335974434,14.3047973699577,"macho"
299.949351327602,679.993694251298,5.82309942753639,NA,"macho"
301.000599497405,678.559589200593,6.94569328750917,12.8238868687592,"macho"
299.752142223072,680.614191454222,5.10173575484894,13.5002726384475,"macho"
300.854066251752,681.414984573608,6.69365949163767,14.6624007327018,"macho"
301.021670564119,680.592725292751,6.05821188571166,12.3300191118038,"macho"
299.862756964701,678.795869078378,6.99954250344309,14.3187642929718,"macho"
300.286989122866,680.615154562259,7.30866229869007,NA,"macho"
300.430946694322,680.23585034887,5.83433588237175,13.6847595742434,"macho"
300.885620513464,681.477904865546,6.72506455285412,13.4106718336165,"macho"
301.06827224489,680.535637590642,5.27121848722271,13.2649015515232,"macho"
299.113814680901,679.822361835501,4.87224844815584,12.4902822500058,"macho"
299.123505454958,680.522087465539,5.44079773484375,13.7943625680955,"macho"
NA,679.098269700155,5.63862516228279,12.6965313110727,"macho"
300.074369778018,679.703252480903,6.86743947950548,13.3250519011888,"macho"
300.522433030965,679.921393214305,6.64582789782988,13.6111618384272,"macho"
299.995229593357,678.876191473343,7.04245772004793,13.1537612313691,"macho"
300.909539134147,NA,6.3378266932755,NA,"macho"
299.714587115236,679.000775589933,6.76043802714303,13.2385357764228,"macho"
301.135470109354,681.155940957917,7.01014920317087,NA,"macho"
NA,680.441616386461,7.04876510270887,15.0439329354253,"macho"
301.456062548493,681.403628485363,4.91284120993183,12.0885415134651,"macho"
302.386195905263,681.618240471444,NA,14.0155091412688,"macho"
299.758504550542,680.406070453297,6.01359986978783,12.1069288963299,"macho"
300.511959871378,680.695624577646,5.77928486817567,13.607405314944,"macho"
299.431242646528,679.679248716791,6.80394616389178,12.5055424319676,"macho"
298.889810594877,679.647581959909,4.68460783515698,11.7628285719159,"macho"
300.14494504166,678.865215012373,NA,11.7637250173954,"macho"
299.149709725851,679.083842237853,NA,11.8720637480663,"macho"
299.283778118932,679.245553296623,6.07888596024905,14.0065200340088,"macho"
299.76284573702,680.351913860479,6.4865248177438,11.0545855825585,"macho"
301.420064352815,NA,7.15420831197822,13.1723823566819,"macho"
299.912043698342,680.294794298339,6.23923493568326,12.8545150913948,"macho"
NA,680.734906536568,4.72468408388354,11.8515552297605,"macho"
301.358585673284,681.563062054244,7.03460504932723,14.7528047526599,"macho"
299.953171737641,678.89777012648,7.72187816600101,13.4076263443877,"macho"
NA,680.014653422714,5.61278186157806,13.1050336183743,"macho"
299.744707387954,678.663056849338,6.20587595696858,13.1364572453975,"macho"
300.725079809995,679.828449582703,5.44657845264513,12.8254590551635,"macho"
300.646247858778,679.829587206769,7.18240398861836,12.429860077345,"macho"
301.008300318369,681.24071544398,7.52114433362985,13.7634369569433,"macho"
300.049614965993,679.942452555526,4.30564535192856,12.3848973846699,"macho"
300.933420693862,680.581758477151,NA,13.5729262241436,"macho"
299.332373291713,680.683302426842,5.06430702234972,13.077379477818,"macho"
299.28790300297,679.98416660086,6.80198647284676,13.3890263485749,"macho"
299.17963018142,678.916088004297,7.62517996751683,13.4080383041235,"macho"
300.322421547385,680.751612113881,5.36452024279301,12.9697915900787,"macho"
299.317080117611,679.947822193411,4.71487311318742,NA,"macho"
297.311096368644,NA,4.63622138548885,10.804092278284,"macho"
NA,679.911035262094,NA,13.7898676541772,"macho"
300.538273349752,679.206397841576,5.36474995231049,12.6650160779486,"macho"
299.393311114544,680.238406799872,NA,14.2312385338546,"macho"
300.533286489136,680.144957215856,5.92577063349196,13.0125221817887,"macho"
298.114519752409,679.699527946363,5.43620264243557,12.3021762502267,"macho"
302.806703996055,NA,7.71941427665928,NA,"macho"
299.785680826002,679.920197024578,6.75999541037661,12.905127218044,"macho"
299.877402172156,680.502038557781,NA,12.2083685878394,"macho"
300.06457434352,679.763204368115,5.240137912589,12.8519819433298,"macho"
299.713517555301,681.179926028959,NA,12.9667670950502,"macho"
299.854768711765,680.272550878291,5.82782241592054,11.7431709063758,"macho"
299.58773051354,680.260807948002,4.37710646526777,12.2081929543432,"macho"
301.17538982657,678.931875784722,5.2276185612295,13.6097791322684,"macho"
300.070603687475,679.310766524344,6.1023663173453,12.6222183680411,"macho"
298.362373652897,677.731019197715,5.35841073795088,12.6203744486014,"macho"
299.918825106926,680.877970983257,6.06861795572,13.3947836523018,"macho"
NA,681.081421427192,5.61707446931635,13.3519961020736,"macho"
NA,678.632733669722,4.47595284970491,11.2399194248608,"macho"
300.454908525804,681.204069356635,5.40752893550517,11.708397079284,"macho"
299.33640669463,679.672070406176,5.3775617447427,13.0555111352311,"macho"
NA,680.927186136705,6.26519221815849,13.9328150759657,"macho"
299.123859562174,679.701739695286,5.56656284276688,13.378826475177,"macho"
298.785598691331,678.897177844755,4.96897024609715,13.2812554333346,"macho"
300.504652916342,680.305150289803,6.75132527134303,15.7401117327231,"macho"
299.94117089618,680.595099956434,6.72150626435223,14.1887671298646,"macho"
300.879681460833,680.405967987734,5.55132117387881,14.3431268239961,"macho"
298.655101715323,678.605002414134,6.32531191132604,12.59422051528,"macho"
300.763475979686,NA,5.31354221571879,13.3672044379837,"macho"
298.610085597703,678.793222178872,6.52862485773515,10.7532995338146,"macho"
300.375012704792,680.676070533971,6.33216798553697,13.357079531459,"macho"
300.242131396734,679.689042143394,6.92952336150514,13.3243682871304,"macho"
300.312795228326,680.531597561025,6.22658551809707,13.219720427913,"macho"
301.625497137729,680.237776899174,5.69077621457013,14.1525520110321,"macho"
301.34414824222,680.637556181429,7.00480325410506,14.1863912369035,"macho"
299.362459981278,680.833503201126,5.45005877252525,11.7818216132206,"macho"
300.920335050324,682.122536898344,6.39758884942193,13.5747900207203,"macho"
300.837602606529,679.718559684506,7.16460567369201,NA,"macho"
301.304626578993,680.507289942996,NA,15.0521729526506,"macho"
300.851147409953,680.422764031833,NA,12.7878879815194,"macho"
298.857147037009,679.906603489567,5.9775245359748,NA,"macho"
300.171151369624,680.326421801193,8.37516658207432,15.6476712135509,"macho"
NA,680.921741913043,5.33471901399808,13.6383061026897,"macho"
298.997802254814,679.599789888947,4.78051411288226,11.3334995265671,"macho"
299.989503014805,679.948099730138,6.95326676824925,13.1040764604424,"macho"
NA,680.35732825442,6.6195719206158,14.0379907163621,"macho"
299.812283409409,677.036695230568,6.51348160439995,13.5973125819424,"macho"
299.569829717878,680.068060033409,7.34123971407781,14.4483683554677,"macho"
298.549370900392,679.45287808555,4.26852341848405,11.833906778204,"macho"
300.012602830938,679.387553231216,6.43431974147538,NA,"macho"
300.193316654853,680.344506503643,5.74057106077769,13.2783356707566,"macho"
299.700202555549,679.448952569101,5.75011543520908,11.9799254737782,"macho"
300.012137338163,680.094317583005,6.63393782070106,15.7501984664614,"macho"
NA,679.488372713345,5.26519939070153,13.2263592871271,"macho"
300.251628776585,680.534318870643,5.63539171385456,12.2129653254265,"macho"
300.130558752335,679.210679108309,5.43415250491934,13.2276491334875,"macho"
301.049580196242,680.503466224588,5.6365384602728,10.5557057370409,"macho"
300.53909044474,680.216297053484,8.04361207069423,13.3086618041769,"macho"
299.725657137956,680.516345174216,6.04355896340781,12.5219949848496,"macho"
298.550990233106,NA,5.24326577784587,12.2492842927164,"macho"
298.8084158451,NA,7.08636848782235,13.0214011435149,"macho"
301.32241938863,681.764702969152,7.76861146123836,NA,"macho"
301.307744607122,680.176733856466,7.14148034955439,11.8611895217869,"macho"
299.875103904923,680.147201762778,5.7056869556894,12.8051480942708,"macho"
300.276183459212,678.686322370187,5.75579106659335,NA,"macho"
300.326036353911,682.340762841002,NA,12.1816744859637,"macho"
299.548034524355,680.814619583384,5.98579215494613,13.0746865738287,"macho"
298.744106991246,679.601573944835,5.45197472169584,13.0467022237645,"macho"
298.380182926223,679.586943456762,4.49297603156754,12.1167889490022,"macho"
299.768357447275,679.624411090872,6.99527289535498,12.7587352775091,"macho"
300.781116244647,681.322812244925,7.22055601413097,12.8235309253357,"macho"
297.972906474047,679.17923700241,5.09465292698549,12.2519664785677,"macho"
300.384818641346,680.001277655193,6.57650510011845,13.0965379315668,"macho"
300.095125012297,681.253121206516,6.82318613124941,12.2528382427399,"macho"
298.927032667716,679.034626004467,7.34603323812745,13.0337185219067,"macho"
301.1030332737,680.756939041215,8.50000239039368,13.8816843031203,"macho"
299.834213351947,679.104609857905,4.05987393075974,11.6962393665386,"macho"
301.915894243861,680.464016180895,7.92568398011109,14.9498845554343,"macho"
298.490039173462,NA,5.48230755402337,13.3158169240771,"macho"
298.880517785482,680.040567417789,5.91435104363935,11.4720146296889,"macho"
298.630274230454,679.98510119656,4.26318899758738,12.4848246146977,"macho"
299.852391177487,678.675704764144,7.72092410806162,NA,"macho"
299.445020622458,680.015515618341,4.60370969101656,11.6560666944127,"macho"
297.822499943066,NA,4.78617169603251,12.9958167975569,"macho"
299.770799106358,678.384538059792,5.25006141236001,12.1982371849304,"macho"
300.135208998973,680.346177444919,NA,NA,"macho"
300.851649257963,679.786821313643,NA,14.0045981423079,"macho"
299.040217266948,678.144157334993,NA,14.8834691099548,"macho"
300.532992812572,679.91902810825,5.15569212291348,13.2010781586087,"macho"
298.393188857228,679.483412366591,7.44702639445986,12.0277287513369,"macho"
298.879531784657,NA,5.64375571361349,14.0329682710446,"macho"
300.472355201663,681.940040985588,6.79895961898748,12.7897139851888,"macho"
298.071116393514,678.035526015758,4.90772657106127,12.3118240167559,"macho"
300.177486632737,680.381781945106,6.47907723977025,13.7798176139053,"macho"
299.126246408747,681.153856844172,5.55127819282695,11.7190175264682,"macho"
NA,680.428493967551,6.15665984402766,13.0885539795803,"macho"
298.342165639048,679.091594552367,4.67862979932027,11.0925702406001,"macho"
298.136008765671,678.612794941529,5.07753983684357,13.0154810998013,"macho"
300.868954718521,680.003510881819,5.86250520260759,13.1224953954642,"macho"
299.564808671184,679.62746664182,5.17259576712159,12.2849957381642,"macho"
300.03046341745,680.944020953984,6.55732370012593,13.4321816421346,"macho"
299.607420445535,679.501609912469,5.90272908364449,13.7240674124986,"macho"
301.861399222798,681.47105433404,7.81082721687088,13.6935714129284,"macho"
NA,NA,7.4557458067939,14.1062168545246,"macho"
299.452245409879,679.955133993771,5.18469041451968,12.69466746512,"macho"
NA,680.237666890312,6.72813244458933,NA,"macho"
NA,678.615433020097,5.27730710135108,12.8445280382722,"macho"
300.09601873896,679.156703338536,5.60044286566017,13.5006140103512,"macho"
300.498845956873,679.023245007243,7.17572344840315,13.5182774689333,"macho"
300.555596045761,681.184160553815,6.47771552452997,13.6057550708927,"macho"
299.202908159485,NA,5.93040587350741,12.3040828313356,"macho"
NA,679.600251464517,5.72431669645452,13.0400563932796,"macho"
299.572876528912,679.93359857963,4.6919886964932,12.8374638827636,"macho"
300.669348208239,679.892842548357,5.17985284329367,11.2772950171993,"macho"
298.648492628713,679.992355973933,6.97449878581812,14.1009902999941,"macho"
300.064303729056,NA,5.16218773775209,12.4689105584316,"macho"
301.014166284318,680.600845432787,5.75520168169498,NA,"macho"
298.923410645084,679.970248799664,4.77679066678298,12.690102760202,"macho"
301.21875091277,680.762061723303,6.73840498206791,13.5138990678969,"macho"
301.443032533479,679.633530317932,7.0071643866193,13.3721092210853,"macho"
NA,NA,4.40534246265908,13.1310734768034,"macho"
300.504542967427,679.705384945369,7.59876081250981,15.5862968814593,"macho"
301.319978096831,680.330024093958,5.92321283760632,13.1678894410648,"macho"
298.712435895254,679.332284725519,4.82051254102703,10.9619674442793,"macho"
300.119475858127,679.234788449347,NA,12.2146893685779,"macho"
299.960678494186,679.20107725878,7.85266179032246,15.0391389415486,"macho"
300.754013834059,681.140594177631,6.77201746625722,13.4534983564018,"macho"
300.526509364169,679.755364930717,5.00381436391607,11.8771336372712,"macho"
301.714368248132,679.612710623201,5.59550649540569,13.8073330976266,"macho"
NA,680.068715070408,5.16423123922881,13.1642442433159,"macho"
300.943264459371,NA,4.79479119181627,14.1191169475692,"macho"
299.426892034365,680.349284116352,7.00765376270487,13.0529720540833,"macho"
300.425696198679,680.025502947766,6.523111351542,NA,"macho"
300.723598467109,679.789857421593,7.43378450918491,14.0025179628955,"macho"
300.191836854001,679.577131478504,5.4827309008314,13.5730961777858,"macho"
298.934191189302,677.833638733196,5.51771739525986,12.5336987893298,"macho"
300.072051937087,681.224365645399,6.26310608864755,NA,"macho"
299.939280585506,NA,7.58992731024641,13.5993140932107,"macho"
NA,677.952185332151,4.24053238395264,11.6413445133645,"macho"
299.363915684958,NA,NA,13.4755428182542,"macho"
NA,681.205523461492,NA,13.8604416906307,"macho"
300.77470668566,681.57111926675,6.05080216350681,11.5656636820252,"macho"
301.326881736432,680.900704105845,6.85476545732251,NA,"macho"
298.01450768673,679.582432937465,5.44037197178721,13.6973606169802,"macho"
300.648298170672,679.910668282948,NA,13.9128511497218,"macho"
300.342384914381,680.227721044944,4.420242880905,12.1249302665652,"macho"
300.19243334661,680.206358953,4.86205258718911,11.8223204155412,"macho"
299.005799347699,681.363359545956,5.50958068110122,13.3389752733263,"macho"
300.264854722395,680.983534583701,7.48730448105347,14.3593913317771,"macho"
300.607736472313,NA,5.92556082588899,13.85826202081,"macho"
299.30688057766,679.313176450671,5.28488843623329,12.4120110630195,"macho"
298.816931002861,680.09454869669,5.76634094830864,13.220154160111,"macho"
301.249480966167,679.698265733593,6.23103516913204,14.71335061046,"macho"
300.38647761092,680.218060478531,NA,13.8658167540348,"macho"
298.483554749393,679.330469958415,6.24606482612871,13.9335606847908,"macho"
301.134098147196,680.39921397714,6.32057271480457,13.8320518473139,"macho"
301.666527326229,680.744256434998,5.61665462657042,13.671949506713,"macho"
300.77170718255,680.42462624497,6.35020959217379,13.214404904706,"macho"
299.92518177502,NA,5.81628816444922,12.360676485182,"macho"
299.648397234818,680.001788293074,5.37913639892162,12.2311862671219,"macho"
300.820801355438,679.995836886583,5.55796048105618,12.3096557832535,"macho"
NA,681.699913101558,7.70425564996025,13.5349390005182,"macho"
299.52211686638,681.033434330007,5.1100502682416,10.5515608160515,"macho"
300.829182704874,680.989030122223,4.60305261548574,11.6533092373919,"macho"
297.569906404732,677.634344985968,5.19053262512509,12.7260397833777,"macho"
299.522018938787,679.262469866149,7.05391545271373,13.7785470243845,"macho"
300.280190545686,680.938388454279,5.35255084299819,11.8028751275638,"macho"
301.919364059043,680.51271587051,6.93221273260626,14.4778579084393,"macho"
298.744695555637,679.902315243804,5.36048037057339,13.794395406731,"macho"
299.944211052301,680.350116278962,5.21166615163584,NA,"macho"
300.711647384931,682.006056127481,6.9478298484409,13.5686705248751,"macho"
300.037317617796,680.27842864584,5.82410506263395,14.5267416082319,"macho"
300.362203627098,681.308882996654,6.01414381685075,11.6436384306212,"macho"
300.656126537843,681.756890101368,6.70465094101234,NA,"macho"
299.209917326897,NA,NA,11.2412771348241,"macho"
298.808476948927,678.357473566374,NA,NA,"macho"
300.300720714907,679.332809517499,6.23826331974646,14.0806305947145,"macho"
299.714033023483,680.574913504474,NA,NA,"macho"
300.652126592722,680.917445980018,7.19668768215046,14.0199926582436,"macho"
300.776848245941,681.130417900776,7.63565538411562,13.7882509987219,"macho"
301.693672248313,681.45910138281,6.52875000632834,13.8337860134145,"macho"
299.795469818076,678.990233297824,5.65219158069258,13.5975090931668,"macho"
299.755705595686,679.871231295582,5.30905419327553,12.225052208566,"macho"
298.895195617662,679.823770680753,6.92334098591513,12.9543237540525,"macho"
298.848155831157,NA,5.74654656111937,13.1603587414911,"macho"
299.189816655856,NA,7.35585306844789,13.9560700778931,"macho"
298.241541116905,679.803083520863,6.02831128841434,13.5679777105079,"macho"
300.345696076121,678.712097418928,6.47336056046786,13.850261376794,"macho"
299.545560863823,680.969930452013,NA,13.346388485692,"macho"
300.487996408376,680.031227989223,5.47798834466379,12.3267429534595,"macho"
301.127113722788,680.951342194052,5.18295796068223,12.550963718018,"macho"
300.990465237321,679.701000106664,6.33339882210771,12.8049057853607,"macho"
301.436027411476,680.598696239287,6.08968323254994,13.499733802998,"macho"
299.441934395661,679.361745874825,5.06101858244954,12.9687357892908,"macho"
300.901913229275,679.733941664215,NA,14.8665035832465,"macho"
298.637792173489,679.584744024997,5.35542992605414,12.5503884958649,"macho"
300.475457625458,680.499434613949,NA,NA,"macho"
300.553448601104,680.374825199969,4.65044247615005,13.196480986935,"macho"
299.236218812337,678.681722768442,5.10178835465978,NA,"macho"
299.646978448381,679.074044585213,4.55234966852074,14.5315831050481,"macho"
300.533028634142,680.817953770734,8.35275246337839,13.4835388266893,"macho"
301.676007565477,681.447443645674,6.16023303043105,12.9711465584481,"macho"
299.91388442667,680.360104561441,4.89474758536924,12.6858207959525,"macho"
299.596344069416,679.954045291443,5.90720839980371,14.9295920703177,"macho"
300.713962222457,680.146800837697,6.83659847203348,12.4655658007494,"macho"
301.210776957034,681.201671712269,5.55398004022552,13.1786170727992,"macho"
NA,681.077470867446,6.26366694481694,13.4739214880624,"macho"
300.112176093117,679.806024506399,5.41865871031231,NA,"macho"
298.973944110896,679.37145007252,5.13954031105636,13.034922084304,"macho"
NA,680.024721154002,NA,13.6008697178427,"macho"
299.431266904072,680.211742298687,4.55932065136652,12.5890591747794,"macho"
299.758945250616,680.781475788024,8.09615814786853,15.3975225119691,"macho"
299.763127037716,679.809554478737,5.91761274899,11.886244273652,"macho"
299.971264795791,677.684082947578,6.74369181540895,12.7787810957746,"macho"
300.369990009982,679.24342581201,5.94396356187556,13.0735640492692,"macho"
297.654271764048,677.576721672615,5.17623757736444,12.2301680786118,"macho"
299.793102431798,679.440892611739,7.48069275959634,14.2987572779327,"macho"
300.049347743416,680.899661688385,5.82500700299707,11.8767955498087,"macho"
300.002162145245,680.495774861972,5.32172935749732,11.0101015590214,"macho"
301.016985827049,NA,4.63502498170885,11.3923174808091,"macho"
299.873347906022,679.483444497881,6.23095618390422,12.7380960130565,"macho"
300.202171263824,679.850171807502,5.74651982948714,13.117742529999,"macho"
NA,680.448793259486,5.38061611574534,13.3582157773703,"macho"
301.22827033933,681.475877298568,5.97488049880265,12.9050994884061,"macho"
299.52837706657,679.39518503604,6.44157533471481,13.8909334006792,"macho"
299.003574178894,NA,5.31726640800562,14.2227896263012,"macho"
298.589045401865,678.560814639746,NA,12.5646842035769,"macho"
301.079850534168,680.815190946849,6.56584135767967,12.7691585503379,"macho"
300.416180498368,681.336357920912,6.68933526427699,12.7034645700132,"macho"
299.877992491386,680.63032634708,4.98508355985301,12.507814893874,"macho"
298.841984970184,680.713942243362,6.51362778475369,12.473852561641,"macho"
300.340124120265,680.082487741116,5.57926549246562,12.463839876614,"macho"
300.989807938818,679.786903731055,7.55721108402899,14.3902344724233,"macho"
300.301990477217,680.112696769978,5.98960176560927,13.1236967210935,"macho"
301.41482837201,679.577386415308,8.15294137459124,15.3249342660151,"macho"
300.356191051774,680.348712001557,6.31897978838782,13.4748463735001,"macho"
300.761580268858,681.75727878027,4.54724178092728,12.1295081817866,"macho"
298.366795757853,NA,NA,14.8303432409532,"macho"
298.004359935385,680.203010528643,5.75813448305938,11.9840735970814,"macho"
300.513501069541,680.212495225092,6.13565764497902,12.972021670953,"macho"
300.692036958375,681.063759303028,6.58921357132094,14.6143212924051,"macho"
NA,679.539392791987,5.55888696885965,14.1076812623981,"macho"
300.807641627372,679.665511418272,NA,14.2867068665431,"macho"
301.392418332189,681.501678167452,6.57491436636786,13.0152797566047,"macho"
299.309874639494,678.228070264395,6.63263067124089,13.9756237023378,"macho"
299.949594078872,680.687874103485,5.44404908139322,13.6027583589086,"macho"
299.637295625143,678.53533362003,4.8380885483897,12.3710317815094,"macho"
298.658189421531,679.217056504744,5.2167531438912,12.1175540225051,"macho"
301.453510220846,NA,5.86215033973682,12.1434008740318,"macho"
301.086093735831,681.64034212079,6.55257221787045,14.1143249686334,"macho"
NA,679.703865536452,6.51229497280841,12.2945972578071,"macho"
300.098927194349,677.925825071932,6.39139268491068,13.7223105737138,"macho"
300.31258705639,678.541136901452,8.04991591317989,13.8910701627442,"macho"
300.872331927927,681.322245506967,5.99308229395348,13.1159469508171,"macho"
300.089649731784,678.888371938691,6.00699356772965,13.5304880393411,"macho"
300.883249108008,680.859917503034,6.36844578870237,12.8075153373046,"macho"
302.121370633493,680.016653515394,5.94645624784901,13.4106025388719,"macho"
300.790960997265,680.812677958182,6.15680685020356,10.9912946855628,"macho"
301.364642257801,NA,7.64040405594218,13.014372079827,"macho"
299.480273875375,NA,7.13816199616502,13.591992187074,"macho"
301.060676657553,680.308704151318,NA,13.7179687369272,"macho"
300.246485364982,679.695406993676,6.41274466175026,12.4784516636519,"macho"
NA,678.664936046649,5.229241188621,12.7537650833761,"macho"
299.1378795241,679.569956075573,5.25869626625705,11.8244638833042,"macho"
300.770023983245,680.714822483518,7.23511115017444,13.3092355858513,"macho"
299.321459432423,680.240817747535,3.29121538585083,12.6960828059413,"macho"
301.08719477744,NA,5.90304526808403,13.1126722287097,"macho"
302.786251140948,682.644386015765,7.72098610661762,14.8565810651433,"macho"
301.718826656057,682.59484770893,NA,13.7622690717959,"macho"
300.133673328406,681.147874058929,6.02229685564261,13.9466437755151,"macho"
298.435447302465,679.991461776816,4.15707797280045,12.2259922522203,"macho"
299.954682843459,680.474194837237,6.18107019966854,11.7203851205892,"macho"
300.194495506379,679.825747321034,5.33020419174703,13.339266301525,"macho"
300.028338072527,680.728161512057,5.05334113680211,NA,"macho"
299.110567172569,680.011271399386,7.23639038435945,11.4628271202258,"macho"
NA,680.132100901048,NA,13.3854466257789,"macho"
302.559189580249,NA,8.61389186250669,13.1565793917811,"macho"
300.836504437935,NA,NA,13.7674254481383,"macho"
301.272231821404,679.456175435802,7.40178142471717,14.7502145714104,"macho"
300.314135311474,680.478338137483,6.0930248914091,12.5401399821408,"macho"
299.888016721939,679.688594155533,4.71495409632854,11.5623799786539,"macho"
NA,678.795467984585,6.46160732661297,12.2808936807144,"macho"
301.307116721205,681.390674595619,6.23712806615859,13.7501581658814,"macho"
299.73048781102,679.920777914054,6.23676507861359,NA,"macho"
300.842861930346,680.134246872103,5.01201829381648,13.5448701931959,"macho"
300.219266045754,680.654291684028,NA,12.887129926316,"macho"
299.370855677148,678.807014230229,NA,13.5825001742918,"macho"
299.715553437826,681.591366015729,5.16011045006644,12.3364616427252,"macho"
299.557763718575,NA,5.13401765434222,NA,"macho"
299.882470656056,680.488804969108,4.47375097515898,11.0671279555486,"macho"
299.087800757356,679.432583363117,5.67200592457065,12.8643550309835,"macho"
297.493289287332,677.761741091137,4.72268520196747,12.6123799732393,"macho"
300.671119368556,NA,6.87447078372859,NA,"macho"
300.749925166767,679.987167837062,5.69692833992398,13.6642437562403,"macho"
299.09529613806,679.283543575703,6.21250197498589,11.9683744411032,"macho"
300.3512728358,680.07934409337,7.39160121805264,13.7506929870334,"macho"
300.385096485588,680.063085428896,6.91241228041413,14.1436359926304,"macho"
NA,679.775380821879,NA,12.9058956974604,"macho"
299.961542317679,680.245719198734,5.2139995288878,11.5836351605587,"macho"
301.225072442463,680.127536661234,7.44777976624258,14.911338935253,"macho"
300.706832467165,679.581650060558,6.11521929765553,NA,"macho"
298.567396641661,680.514101184229,5.53155894381481,11.2158192444407,"macho"
301.689179969163,682.420277776192,7.73179038735821,13.9403092089228,"macho"
298.849158706841,679.317409494287,5.7873464841888,12.3115691304478,"macho"
300.257107989229,680.418269180253,5.62619894950826,14.2605019855809,"macho"
NA,681.342187669325,NA,13.5032500510043,"macho"
299.810424643955,678.332550670909,7.30149368892533,14.0555315192066,"macho"
297.303383144098,678.578278204963,NA,NA,"macho"
298.890284789555,NA,5.43604823017497,14.1846342663781,"macho"
298.983823961104,679.333736114368,6.11034839475455,12.2362702038693,"macho"
299.288206466542,680.769914359958,6.54108627093835,12.0761007569305,"macho"
299.120275441282,678.634415478257,5.03804325696674,12.0436461016571,"macho"
350.984474761946,719.985624846657,8.19623648270954,11.6398567249232,"hembra"
351.21838687016,719.45739993678,8.41912825300042,11.3431380846213,"hembra"
348.103114355948,719.800896293592,7.89885554553854,11.3805845497014,"hembra"
349.117593062918,719.648742837364,8.03695573013881,10.5870879125612,"hembra"
351.052449601678,720.692040787858,8.223123169457,12.2940744236085,"hembra"
349.587187849892,720.121451232819,6.62266692099186,10.4694039147137,"hembra"
349.447507752422,720.183309158028,5.98309589323382,10.4979138196315,"hembra"
348.207180828601,719.320773491207,7.58259963020256,NA,"hembra"
349.854624841112,720.016782672192,6.2474063140787,10.0634622350176,"hembra"
349.544931053243,721.149349010674,6.92806958797495,11.4636731575362,"hembra"
350.561570402252,720.633565547748,6.90515676100488,12.3451637583172,"hembra"
348.857464822459,719.697205152465,8.19210192508585,11.4170823241456,"hembra"
349.671434959891,719.182599554142,7.43734010288058,12.3524401252866,"hembra"
351.000540767364,720.760402336187,7.39244780112671,11.9403589246052,"hembra"
350.412475063595,720.616941145345,8.64134246489197,12.42917879321,"hembra"
351.38094586033,720.176371006198,6.66123905912177,12.1176013404724,"hembra"
349.823113248581,NA,7.16030628718003,12.0647223717387,"hembra"
NA,720.994393910685,8.00276795912619,12.4838964653191,"hembra"
350.444639096469,719.453072913954,9.49284642129516,11.5752260631787,"hembra"
349.207782580171,718.621355796453,8.52971575945757,12.3742792022468,"hembra"
352.15351621291,720.937431630056,10.1541683211264,11.469059646749,"hembra"
349.872412982656,720.986457544205,7.43134537706827,10.5048594910601,"hembra"
348.875708150073,718.971080493235,NA,11.5149503978785,"hembra"
349.299435965933,719.959884929981,8.51112644954414,11.7551821579805,"hembra"
350.294387888371,720.953689765327,6.39139946117632,10.9760952568573,"hembra"
349.841090995102,718.773696379433,8.93914086108992,11.0213742251212,"hembra"
349.80391986864,720.021875054175,9.58377088293858,12.4867243178842,"hembra"
350.791886151049,720.556474632649,8.41779269045872,12.462137793783,"hembra"
NA,719.959742118842,7.47214184279876,12.8731560211657,"hembra"
350.003971009355,719.267216771118,NA,NA,"hembra"
351.497562780993,722.056432311078,8.34166465635553,11.8579624412486,"hembra"
350.154843780188,718.502133428436,8.43256044032002,12.4661825078,"hembra"
348.950940305442,720.004652129693,7.5385150263875,11.0495659535442,"hembra"
351.110093788139,721.125306720288,9.30747524394229,11.229988752166,"hembra"
349.624758652354,720.425681088034,9.18756314681154,12.6588105113101,"hembra"
348.794538793905,721.102612513044,6.93528835828049,11.3543257535741,"hembra"
350.927090225852,720.81745703693,NA,11.572274595164,"hembra"
349.54454607682,719.464008257758,7.95597536369445,12.3060759925119,"hembra"
348.51397870396,719.667990167226,9.07952923343017,11.6067643728988,"hembra"
NA,720.729631370626,7.71589588752857,12.2863204416991,"hembra"
350.707069478664,719.100770746901,8.09293794235285,11.8690645033321,"hembra"
349.624626938838,719.666161114158,6.69391297766497,10.6097352114624,"hembra"
349.765347222541,719.808997519369,7.11498648129884,12.0429890752798,"hembra"
351.138741245525,719.066028090447,9.78096730347838,NA,"hembra"
349.510963697755,719.245064970407,8.10247930671812,11.171915640441,"hembra"
NA,719.433554145362,8.46304441789954,11.1890115837859,"hembra"
348.630805841353,718.053305540867,7.28825141991749,13.5731837246659,"hembra"
350.331929960188,717.965894226775,6.33983320575318,12.2621172579513,"hembra"
350.631761847911,719.55088528177,10.0853192262452,11.837138680888,"hembra"
349.120342096005,718.215232983437,9.11203129063967,12.4173634982269,"hembra"
350.434856185111,720.889237524736,8.10250047043485,12.3809334012396,"hembra"
349.799358173465,720.695747153824,7.89737020457447,11.1253261488813,"hembra"
350.707744401892,NA,9.40412043483727,13.1573633789887,"hembra"
350.591118858187,721.483714722389,9.12366634128231,14.4695354518275,"hembra"
349.417745140647,721.752413293088,8.26023215298761,11.8476974585554,"hembra"
349.006004083835,719.450937520859,7.08283736279282,11.9986004761959,"hembra"
350.119803469887,718.829340682474,7.66261773756199,12.4451935204749,"hembra"
348.410473375909,717.560202860175,6.48999778827424,12.4820574577987,"hembra"
349.961003678148,719.205692635627,8.02789948940115,12.0588816140269,"hembra"
348.495420361482,NA,6.7706312430122,NA,"hembra"
NA,719.264050905406,8.69148484672535,12.7728486772413,"hembra"
349.76006539957,719.996685129027,7.5049494711518,11.4955952030759,"hembra"
349.198754176632,719.336034333835,8.47772494694403,10.9645769545724,"hembra"
349.862901720719,NA,7.47356417495575,11.1972746944517,"hembra"
349.40197986926,720.675645010742,8.49264021013919,NA,"hembra"
350.309400956756,NA,8.23732338645969,12.2338192049595,"hembra"
350.129446176618,719.67080276599,NA,11.6361797951135,"hembra"
350.524755983421,720.574266154565,NA,13.3288419708454,"hembra"
348.968955701981,718.95043561478,8.48684082653858,13.8302271620583,"hembra"
348.247870516019,719.747103645281,8.97850163592987,12.1923564090583,"hembra"
349.635685092533,719.937715201273,NA,11.7435690647296,"hembra"
349.945574411292,720.221160938451,6.58556033361404,10.8565796154873,"hembra"
350.485259074324,719.876095631197,6.98404369041448,11.9958401521756,"hembra"
349.112655679576,720.185669959047,7.87716595306942,11.1787925721657,"hembra"
353.619195815501,721.818936631191,8.96769640549259,13.2703169894055,"hembra"
353.004992744105,721.053224230462,7.38597962070796,12.6467455645873,"hembra"
350.726610317218,720.109504719173,7.75274547817252,11.9812732140767,"hembra"
349.666747273949,719.412222657107,7.65950638249182,10.7276558257375,"hembra"
350.386289244049,NA,6.34081948283792,10.8711619055256,"hembra"
350.131666376451,720.258369533203,8.45891116112809,13.6031577118398,"hembra"
349.389943249148,718.805953500133,9.03329021216057,13.1453356945897,"hembra"
350.95341951718,720.934624423275,8.30350839875719,11.4751297882067,"hembra"
350.101096062655,720.788245279183,8.9334739557631,11.4640806456976,"hembra"
350.454237879079,720.449265750144,8.06010356844363,NA,"hembra"
349.215919880065,721.533235869768,7.99827375868632,9.94774984811918,"hembra"
350.188074691644,719.358226684019,7.66476136427373,NA,"hembra"
350.599624250529,NA,NA,11.7924904169884,"hembra"
351.850504931609,720.766116009666,8.74188530092679,12.0323180168016,"hembra"
349.767937687644,720.966113241522,8.25069687041732,10.8543630726899,"hembra"
NA,719.835695703249,NA,12.2954200330104,"hembra"
349.591866726271,719.855453711497,8.8591901139812,12.8873619922056,"hembra"
350.638661314624,720.164224395353,6.78262539315547,10.4643365287595,"hembra"
349.283364122826,NA,NA,13.4663450360388,"hembra"
349.975510199835,NA,9.48177807806485,12.6349436000501,"hembra"
349.334081831803,719.833245336703,7.11204470772886,9.55745088821096,"hembra"
350.921590786741,719.361349622889,8.63325203828621,12.4594999446937,"hembra"
349.800049137842,721.641277591318,7.37446072189058,9.26912459911568,"hembra"
349.238234681547,719.301614169822,9.91014683717846,13.4849521799323,"hembra"
350.046423977871,718.998585924942,8.37104515573796,12.4276156597049,"hembra"
350.154340294313,720.36692317698,7.35171942779724,12.2964258631872,"hembra"
348.855737703133,717.834717967655,8.34938938623973,13.1260524857324,"hembra"
350.843244862447,719.694011605391,8.05779190711076,12.2447944012441,"hembra"
349.983253835947,719.981812390746,7.45338629484782,NA,"hembra"
350.490697368108,719.934239210326,NA,13.4667537949753,"hembra"
349.714863135616,720.528308366469,6.12623003191227,11.8386046009326,"hembra"
NA,NA,6.23362106645024,11.3021164743551,"hembra"
349.278290884305,720.301449774102,7.1055184919254,10.3166512330412,"hembra"
350.534688538332,721.981798365149,7.05972812732792,12.0197885643346,"hembra"
350.620252615143,721.394799524859,NA,12.4979448040899,"hembra"
350.075090250711,720.168556898841,9.16208810345112,12.7815355520146,"hembra"
NA,720.055004016069,7.03415457538667,11.8893597383882,"hembra"
350.364280964156,720.842485041741,6.91190125864742,12.8611337039323,"hembra"
350.561619334121,719.902337606847,8.27816597119965,13.0099217172589,"hembra"
348.95660027508,719.580512842313,6.04360530976213,11.1051549162699,"hembra"
351.215825375502,720.4555060064,9.53258965329431,11.4953707988965,"hembra"
348.638399400925,718.918965529937,8.85589633048236,13.1987782322998,"hembra"
350.429736716581,720.18631058294,7.66322845733445,10.8548568745068,"hembra"
350.734761245856,721.132257783055,9.91315776383085,12.4195140744967,"hembra"
350.259172707268,719.971276051474,7.49335005006156,11.3420793415675,"hembra"
351.089133408563,NA,9.54142477985487,14.1394617402172,"hembra"
349.64594833307,719.844353140579,7.84930842671353,12.0726544167076,"hembra"
350.731270847711,721.567470680468,8.82973263805113,11.7396105279248,"hembra"
351.215927309087,720.252016745562,9.0117342877764,12.4568918551653,"hembra"
NA,719.795658296116,7.145171316955,12.2738357467096,"hembra"
350.429321433331,720.574832060951,NA,12.913087386533,"hembra"
349.916926564222,719.954645506229,9.49814348311025,12.4132117852489,"hembra"
349.350340013296,719.904373190379,7.86366727467763,NA,"hembra"
350.735665913668,719.443126639989,8.43707646072519,12.7080658362816,"hembra"
349.521689199071,718.732650471101,NA,10.4550745259914,"hembra"
349.299596491633,NA,8.18893507337313,12.8622927224945,"hembra"
350.203227810311,719.909026101025,NA,12.9671265999834,"hembra"
348.828682240469,718.434759187525,6.4257956325257,11.5522366698386,"hembra"
350.168076755187,719.263633343952,7.98159009708203,11.2700502387926,"hembra"
351.062421976953,721.123329180243,8.22394011295906,NA,"hembra"
348.93481670292,718.035147481699,NA,12.5075164528369,"hembra"
NA,719.271987851383,6.31610766748969,10.7965518713839,"hembra"
349.100911007085,NA,6.42417371358441,11.4866688601662,"hembra"
NA,719.843499477672,7.87612846273077,12.308005359622,"hembra"
348.817258610698,NA,7.24281131288125,12.2426137040153,"hembra"
349.729270601967,719.9540186976,9.15634707875153,NA,"hembra"
349.02108036812,NA,7.12787569333024,NA,"hembra"
350.651515046576,719.921655864975,NA,12.2274897155781,"hembra"
350.718628719614,720.352721620607,8.51329911953533,11.5003062653516,"hembra"
347.743240044455,717.764203262986,NA,11.1352740074151,"hembra"
349.09913416064,718.146289405619,8.20560450636149,12.2659635755139,"hembra"
349.099273071599,720.644534552302,7.21458760760374,11.1722574574086,"hembra"
352.601496159211,720.548087861287,8.78137625653673,11.5407272532499,"hembra"
350.057016010852,720.823462741063,7.82675183905563,12.0279217896256,"hembra"
349.93455011558,719.188675139951,10.3298616377899,14.1254339266484,"hembra"
350.651718477868,720.556193757834,9.05785722020885,12.2087345460021,"hembra"
350.277555644081,719.964630037749,6.44737696328268,NA,"hembra"
347.485932894631,720.455250678112,6.61463830594728,10.9954205049948,"hembra"
348.921850629805,720.213775937074,NA,9.02571698543494,"hembra"
351.322346790485,719.79991542613,8.57987853983592,11.7537317553224,"hembra"
349.992193467077,718.885098922226,8.87477789064115,NA,"hembra"
348.993938081694,719.224787764944,NA,12.3270394774305,"hembra"
351.117920799255,720.388658887451,11.1378910436923,13.0350569454572,"hembra"
348.587710956353,719.971132130931,7.08419417786207,10.3109868300901,"hembra"
349.264108331823,719.473983337555,7.96520089468256,12.7077383010821,"hembra"
350.383536866602,721.567360684833,9.00758857065343,11.6227530957419,"hembra"
350.59540738318,719.875726921688,10.5921446246189,12.7831511728623,"hembra"
351.474520491659,720.080290645898,9.0765981353489,12.3275127490462,"hembra"
352.05743072095,721.107131064135,8.97281978406436,12.3047704700552,"hembra"
350.093529936312,720.411466975934,7.89037349541858,10.7949500476818,"hembra"
350.212355226083,719.521121153299,10.2245619058679,15.2757195586882,"hembra"
351.428008341763,720.022301571127,8.51267258109447,12.5164237980113,"hembra"
NA,720.977324659633,8.16445681919021,9.89202293609209,"hembra"
NA,719.831759438113,8.27180985037566,NA,"hembra"
349.775317210653,719.930666095323,7.17261999278829,11.7687680108555,"hembra"
350.10149239723,720.320270383566,8.08320229884102,NA,"hembra"
349.339916305675,720.385060147843,6.37970919729374,11.1238013366294,"hembra"
350.614871158363,721.76543089473,NA,13.0530496288673,"hembra"
349.292319203116,720.077494763689,8.42979902299264,12.4176072153999,"hembra"
350.831007481942,719.887835658848,7.56916350290249,NA,"hembra"
349.138300037864,720.282729629987,8.37719234142034,11.5854558429086,"hembra"
350.422407128497,719.813002591468,8.73966609959976,12.7613834379903,"hembra"
NA,719.65360070839,7.81853773831456,12.3859964505222,"hembra"
348.869067323178,719.130748413623,6.64289943006156,12.1592747405339,"hembra"
349.923106978675,720.836054768377,8.94502785531973,13.3067757692371,"hembra"
NA,720.210112236516,8.65761377467058,11.8264755382104,"hembra"
349.784676152261,720.407360593453,8.93821743079591,10.5595155009912,"hembra"
350.746438317319,NA,8.4253401560616,11.769269588186,"hembra"
349.576687936777,NA,7.56625996399454,11.6899069668707,"hembra"
350.133234455449,720.207148310869,8.03593143336271,NA,"hembra"
349.539527097795,719.735996469608,7.34263602677557,11.8408979643165,"hembra"
351.765671449923,NA,8.98624075343763,12.0789458778188,"hembra"
349.396107725926,719.482551778071,7.77300073269507,11.7272493826138,"hembra"
349.686535816903,719.050726966294,8.81699963077165,11.2689484059178,"hembra"
349.192755783229,720.744444582058,7.01937223595536,10.850466571829,"hembra"
350.257974163073,720.377238082824,7.20266779018878,12.145258596312,"hembra"
349.04924057782,719.344169251188,7.60147514424233,12.1590255461541,"hembra"
349.781678309969,NA,8.05347857158414,12.5480549347039,"hembra"
351.232621648808,NA,9.32145478138815,11.6920117589188,"hembra"
350.300948217631,721.056528536868,7.11966725256621,10.3814267000742,"hembra"
348.551421299422,718.949757252226,NA,11.0473409591605,"hembra"
352.442356295212,722.073523991934,8.77951920931121,10.4116708890149,"hembra"
350.292945070865,720.976295885915,9.39662104480301,11.5905193495016,"hembra"
348.518053977168,719.203386969449,6.0855021583367,10.5534671551397,"hembra"
349.70279520839,719.217760439585,7.63194173950401,9.51822246819681,"hembra"
349.708645898948,719.521976759129,7.40274611819101,NA,"hembra"
350.068571539045,721.746534243562,7.15064986171691,NA,"hembra"
350.459190941552,719.987034190208,7.34328644437208,11.9884909613286,"hembra"
350.343958880714,719.80107022155,6.22189640303317,9.34393285877291,"hembra"
350.136957783143,719.602920408755,8.40148771380896,12.9057919138057,"hembra"
349.927896938686,720.559958001091,7.89906053473961,10.5627604294429,"hembra"
351.155608188636,721.304662983578,9.50038475016516,12.3890929069748,"hembra"
349.439273460897,720.217588484253,8.68340999064473,10.7786411687686,"hembra"
348.931330849416,719.141669599094,7.65264146283647,11.7587374707287,"hembra"
350.368853573683,721.528553461701,7.73868956713097,11.9951163697477,"hembra"
NA,721.056841424635,7.83972598724228,11.559483097131,"hembra"
348.737932410524,718.401507068207,5.77738388081901,11.6456684526232,"hembra"
349.271428329682,720.254527503379,8.08296399307172,10.047866303677,"hembra"
350.483002515011,720.417951635817,8.25231856867049,NA,"hembra"
347.381919189015,718.161631243058,7.79086189990135,10.862987142577,"hembra"
351.62094896867,720.490634117568,8.0866553850477,12.3507586235308,"hembra"
NA,720.76671676323,7.08544544286999,10.9390454466541,"hembra"
349.786751375712,721.094737076404,6.72201362456747,9.85218440419483,"hembra"
350.033280867373,720.404978713399,NA,11.4347632136572,"hembra"
351.421740791667,721.060678534135,8.76524840299811,NA,"hembra"
350.57761734231,720.6857161736,9.40919751178644,13.376102852771,"hembra"
350.594447450915,720.425931575876,9.54122440836264,13.3408416883701,"hembra"
NA,718.450629202414,6.23948184242043,11.364847061461,"hembra"
350.10661582507,719.524729331047,8.02160524308838,11.2766975153888,"hembra"
350.078837453019,719.030107060407,7.60974806238428,12.3092979099057,"hembra"
351.167787410634,720.369940197206,7.94427772430953,12.6286154575242,"hembra"
351.378484358693,720.620061299414,9.79147077754535,14.2454889102926,"hembra"
350.704671219655,720.594671179476,NA,12.8261327496625,"hembra"
352.110896811426,720.110046511975,7.5190168222057,11.68404610288,"hembra"
349.119261799272,718.649451024667,NA,10.753117998511,"hembra"
349.718773879673,719.625683525913,7.81786602404523,10.952917861819,"hembra"
350.116437599792,719.444423141876,7.79688884423193,11.4301584419919,"hembra"
NA,NA,NA,11.4347526679963,"hembra"
NA,719.228930305016,8.8720568522658,12.8348711018283,"hembra"
349.514472535064,718.597689818001,7.80033709673149,11.7654513399284,"hembra"
349.340834044969,721.308660386179,7.64216818869527,11.1201954110681,"hembra"
351.077696026013,721.991992655725,8.88850677391065,11.5831456653347,"hembra"
349.262602417032,719.451078737488,NA,10.1100131532423,"hembra"
350.118473252615,718.973734730419,8.91136075755255,12.3561939849275,"hembra"
349.129876072028,720.389049822576,6.56888197363259,10.9856024166634,"hembra"
347.272564833164,719.378941895303,8.84493293644559,11.8405231437748,"hembra"
350.006363068662,718.55048026212,8.11133591297501,11.0332159504548,"hembra"
350.667372317286,721.248393426136,7.82764872594869,11.4424006404444,"hembra"
349.995250978914,719.726607132873,7.68661411737363,13.3295369289003,"hembra"
350.039901362459,719.485132747259,NA,12.3272009227416,"hembra"
350.948954221524,721.583429909947,7.86729740679261,11.9106153603634,"hembra"
350.402388930486,719.998162908681,7.94708862135011,11.9390315629756,"hembra"
NA,719.633571833219,7.9837347757715,12.0198130731441,"hembra"
351.834627167758,722.301346293027,9.73781579339389,13.3929002986571,"hembra"
NA,719.472819537808,8.59261268806275,12.0073673441449,"hembra"
349.032576855744,717.428519650614,6.93118221862048,11.759916141043,"hembra"
349.640688039175,718.857513364952,6.58591768867193,9.32832454899416,"hembra"
NA,718.920275631593,10.1134876276764,13.0125397220522,"hembra"
NA,719.408819156788,7.92068714543376,11.6712248895814,"hembra"
350.008534405636,718.553697815492,8.16856947305482,12.211885839036,"hembra"
349.483128116855,719.848985475228,8.15820823486662,11.7993281704795,"hembra"
349.66625441141,718.789483049991,8.3043638195712,11.6883097300998,"hembra"
347.840825497612,719.113501927899,6.37365405505141,NA,"hembra"
348.851466142672,720.167341127858,7.59196043429224,12.8460556730017,"hembra"
350.632317038733,721.443788698088,NA,11.2711169514463,"hembra"
349.738235148524,718.481685332412,6.98318664049942,11.3332699029478,"hembra"
348.784807281909,719.003598167063,NA,11.1192064377867,"hembra"
351.948639878758,721.865174188361,8.72392214902144,NA,"hembra"
349.630659620769,NA,8.8192023283647,13.503413671395,"hembra"
351.01526100495,720.220893005324,7.48407329368338,12.1360719976519,"hembra"
350.453251004619,721.378984750695,10.4527007851675,12.6269448174208,"hembra"
349.335230336837,717.538282813899,7.59485997122394,11.6438175801798,"hembra"
351.217989478475,720.240565374088,9.20425076498618,12.6584976257578,"hembra"
NA,719.839215739644,8.5665386344422,11.2127872475011,"hembra"
349.950947024113,719.498387654251,NA,11.4490232577294,"hembra"
349.365455007408,NA,NA,NA,"hembra"
349.160156802021,719.3969218225,7.18360692445125,11.9246858723532,"hembra"
351.036916647112,719.988988089976,10.3403603047016,12.7649817568757,"hembra"
352.169828169623,721.469290500383,7.6052818444426,13.3959927672593,"hembra"
350.57498519409,720.481215515501,9.7414673696337,11.7740560951137,"hembra"
349.922502848262,720.774332474828,8.35272175360512,11.742564602959,"hembra"
350.100511062515,719.583935492361,7.68499636359731,11.3155494596017,"hembra"
349.954847587849,721.511077617622,7.60878333559405,11.3266946191752,"hembra"
350.055451056121,NA,8.32410648726559,12.6988296847093,"hembra"
351.866223269696,721.000340784125,8.66660971314995,10.9643946746376,"hembra"
349.603269953556,719.944583141551,7.75913111991564,12.7582857744796,"hembra"
350.690897056243,721.098497057004,9.3462939661338,12.6254534482971,"hembra"
348.888644567445,719.615832579748,6.44804008276733,10.2798629855071,"hembra"
350.316551533865,719.48896638133,8.62004333556046,12.1167624287369,"hembra"
350.864188564645,720.4437062735,8.19871130031036,12.5799692615712,"hembra"
349.935569578239,NA,7.78519528838723,11.0474890789999,"hembra"
350.548321225639,719.725212407055,7.59129332597294,12.0183072564432,"hembra"
348.860748567236,719.447310159247,7.54870561823947,11.7854200680884,"hembra"
350.524195510104,719.515181262641,6.74956501705304,10.6640661976307,"hembra"
350.720716764582,719.671440351667,8.38077146438146,NA,"hembra"
349.021117990725,719.438040515453,7.08209895220849,10.3105291583133,"hembra"
349.917110511451,719.763813125188,9.58271112695761,NA,"hembra"
NA,720.943816722282,7.07785083735875,12.9038820079902,"hembra"
350.662117590578,718.579112100532,8.94021334599606,12.1486943305305,"hembra"
NA,720.028248576451,5.92522251030404,10.6920501958041,"hembra"
352.001588728211,720.955460219052,7.70759712341167,12.0919330980889,"hembra"
349.595414869059,719.139544261681,8.40326630119708,12.4377926823262,"hembra"
NA,721.215439363353,8.34298853368201,11.6959532038699,"hembra"
348.76963905473,720.027003664794,7.01162497801355,12.1629525376577,"hembra"
350.515462740648,720.370492789502,8.55421265091834,12.6221214903179,"hembra"
350.609347880842,720.394167739496,9.04421057487486,11.9937796520481,"hembra"
348.878008855745,NA,7.63594443460214,10.6043637652105,"hembra"
350.213766270753,719.905535476988,7.70740101842683,13.0770548958507,"hembra"
NA,NA,7.29646451178778,11.9807019079198,"hembra"
350.545677409717,720.205381260598,8.94546163148957,13.0439685118842,"hembra"
NA,NA,7.93085689702349,12.0562081431891,"hembra"
352.325007115958,720.940490636352,8.90183458429641,14.3004956349553,"hembra"
350.184110130284,721.449828625947,7.88420061457192,13.3924314357117,"hembra"
NA,720.948531573088,8.29360713270429,11.3689097699613,"hembra"
350.274966064521,718.99788242741,NA,12.9891901624045,"hembra"
350.278375016563,719.684159563225,9.45231067877854,13.9396298018423,"hembra"
349.24793197224,719.836658483821,7.83338618321276,10.1145281649465,"hembra"
346.132046505994,718.630672925872,5.60620924985996,12.2607444559565,"hembra"
348.350764813939,719.273652083508,7.22202886895218,NA,"hembra"
350.187500218035,NA,9.25857634376492,12.1412400536309,"hembra"
350.665777110116,720.811071354161,6.64318287834422,10.6292323995193,"hembra"
349.205569970159,717.865549278236,8.81688050085332,13.7004335437711,"hembra"
348.891492894024,719.746967374804,8.21269733639696,11.482257291797,"hembra"
349.714597690509,NA,8.15090137803812,12.9040538825215,"hembra"
350.32097090546,719.353531749378,8.06493258420623,11.3686865966203,"hembra"
350.328894184546,721.303710733282,7.66317021769329,13.3516807159186,"hembra"
351.900722229074,722.270765288131,8.05435191542547,NA,"hembra"
349.344317905537,720.508927303312,8.04104643272495,12.8477645105757,"hembra"
350.791393500826,720.872374994388,8.78491437047351,11.5373553995516,"hembra"
349.519609590934,720.124595258634,8.02588177212724,11.9335374533249,"hembra"
NA,720.184773754764,7.83639349577008,10.7183457411981,"hembra"
348.910427202587,NA,5.80173744629885,11.0202443000481,"hembra"
349.312318675166,720.725570322659,NA,12.3168181902311,"hembra"
349.831337566522,718.645083736196,7.17839078235097,12.6292358974493,"hembra"
349.581457353233,720.912828292026,8.66878015775487,11.785848446788,"hembra"
351.355565234203,719.65990038896,9.20545463124387,13.4104146953555,"hembra"
350.382178805792,719.877753033529,8.26915459822088,11.1838042714597,"hembra"
348.768131207912,718.890505694584,6.87743771375831,NA,"hembra"
351.606307521651,720.182015685166,7.92043812808242,11.9107613490033,"hembra"
NA,NA,7.1739009829416,10.777209331563,"hembra"
350.341063022576,720.109035597397,7.69779606068057,11.5257326268181,"hembra"
350.621752487194,721.097723880669,6.87980501683313,12.0127020338102,"hembra"
350.927476746234,720.528369046248,9.26122724494195,12.3130784288773,"hembra"
350.754463346807,720.075229056271,9.00735544010503,12.2152558323912,"hembra"
349.765367330395,721.192516029752,9.06657263285551,12.729171947098,"hembra"
NA,719.317754039552,6.33940851088155,NA,"hembra"
351.274467679738,720.575830945636,8.92579057008901,13.5816179313243,"hembra"
350.27157643184,720.307668826708,NA,11.3105704781972,"hembra"
349.625697728897,720.128922553073,NA,11.6755626910237,"hembra"
349.328111657495,719.625554985959,6.25358156619254,11.6458564636484,"hembra"
350.284427847657,719.726441942432,7.05668674203787,NA,"hembra"
351.148032614201,720.229095014199,9.03502427810438,11.9451506149305,"hembra"
351.990232918579,721.101666716938,NA,12.8629036214975,"hembra"
351.002177928726,NA,8.61763816165671,12.8133418796095,"hembra"
352.249966289049,721.038771004684,9.20492341649737,12.2594893957269,"hembra"
350.767216742575,719.478662164561,8.31214246147205,12.4196912080164,"hembra"
349.396667531137,719.177857174487,7.51222525786906,10.7054756454028,"hembra"
350.622029372823,720.533744943138,7.59663145604571,12.7578882658115,"hembra"
349.471434900287,720.346163640244,8.61813830084534,10.8671899389497,"hembra"
349.391841512914,719.220144826166,7.98665321466229,10.7879499324624,"hembra"
348.654473417364,NA,6.55648167148327,11.1898444091466,"hembra"
349.743534585847,719.024592423876,7.87383920896328,NA,"hembra"
349.615302672743,719.430687682575,7.9000441853518,11.5033389712931,"hembra"
350.055575506464,720.098490444534,7.94384981638453,10.0351977168545,"hembra"
349.952490978791,720.663197812,6.50449588497616,10.5980520652382,"hembra"
351.236476634209,721.562102961031,9.30244068362601,13.1170485063273,"hembra"
NA,NA,8.8531752493345,11.1419612628797,"hembra"
351.010073367196,720.128854213495,10.5629160153613,12.452824236584,"hembra"
348.189193043934,718.207078782884,6.42791573979024,10.2410204308765,"hembra"
349.918216099247,719.214776617795,7.60441314790813,11.5278618746327,"hembra"
349.423572691406,717.600927956653,8.09241305599995,11.24069602706,"hembra"
351.287695723407,721.22138158892,7.53304460345181,12.400855231198,"hembra"
NA,718.684045302167,8.31866381358671,12.233224863335,"hembra"
NA,722.269193957271,8.61194966969177,12.5781624901302,"hembra"
351.595507421468,720.817001667001,7.97331729816678,12.1532340068581,"hembra"
352.17840492753,720.990363163515,7.94638225358648,12.3083821151504,"hembra"
NA,719.737071837194,6.24020793065624,10.4230473500294,"hembra"
350.274181702131,719.878998053355,9.28560704482966,11.7366490294067,"hembra"
349.593984359905,719.526337235647,NA,14.3956807992201,"hembra"
348.63135963305,719.765644722789,8.01672043370237,NA,"hembra"
NA,NA,7.40861410327442,11.0145136796648,"hembra"
349.840084928305,719.427374039327,6.30248126606417,10.2282258414439,"hembra"
349.407657608459,719.495905896186,7.6244758622059,9.87402712080337,"hembra"
349.540052103244,719.161036821974,7.29808801349402,NA,"hembra"
350.543866146521,719.688892889161,9.25130069199885,NA,"hembra"
350.233074112171,719.552279381335,NA,12.089516845328,"hembra"
349.133638900744,719.492397489521,7.5471521992813,12.0871230214246,"hembra"
350.423415664655,720.817773621596,8.98206417089091,NA,"hembra"
349.829817097137,719.68254711493,7.78767443841902,13.664245663359,"hembra"
351.614237184848,720.989195048092,7.09577276583043,11.3315290056485,"hembra"
NA,718.431233786033,9.01690155718451,11.7635624358198,"hembra"
NA,717.74180739588,9.35144092482527,13.2449601526781,"hembra"
350.689523856001,720.097767616041,9.89126442178036,12.6458969320803,"hembra"
349.474471635638,NA,6.71611191476654,10.6906438517601,"hembra"
348.970091336268,719.971791659145,NA,11.2189417475827,"hembra"
349.841775928794,720.105893933555,6.67297445203739,10.0235990839519,"hembra"
348.996364824407,717.508220010499,8.28836872659667,12.3336095127246,"hembra"
349.629068027178,720.12060303503,8.5721902014365,11.8013553489784,"hembra"
350.708664060925,720.508453192464,NA,12.9640980946826,"hembra"
350.666100093138,720.111362603254,NA,11.8689192226466,"hembra"
NA,721.125961476175,7.69229271360563,12.9165197508809,"hembra"
349.579803527165,720.981743157798,8.53256292081849,11.4237913153729,"hembra"
349.130119237944,719.164288629019,7.72373208825429,11.1927491499473,"hembra"
NA,NA,8.59888694763805,11.7758222948283,"hembra"
350.324313453796,718.21066270555,8.74592033024772,11.8705485744763,"hembra"
349.194652547904,718.282197595613,9.61760135572491,13.4131764816276,"hembra"
350.049788002738,719.092395524385,8.80200399888026,13.0274066870649,"hembra"
350.445056406513,721.792634686356,7.47164164778239,10.5630750707437,"hembra"
351.310249558193,720.26149551736,9.06761850676783,13.8389268016937,"hembra"
350.78493845855,721.472233847377,7.68443645847325,11.5803438816663,"hembra"
350.002670758861,719.978896257417,8.53487167571022,11.8002685854174,"hembra"
349.425088861896,720.726260631849,8.36689490417279,11.082539719256,"hembra"
349.881879437184,719.87716513707,8.65815739382169,11.1512840288039,"hembra"
349.614941577933,720.159549361976,8.66510834807386,11.2609144359601,"hembra"
351.006704319869,720.177016271032,9.69045371311215,12.9185874425927,"hembra"
349.861437170118,719.524158693796,8.33659039528305,11.884415297831,"hembra"
350.912216229893,721.146569720817,8.00708764891336,11.6884644812816,"hembra"
349.630310312075,719.528662406993,8.39233606962363,12.4884545399003,"hembra"
350.042371257717,720.420131986741,6.90888461389266,11.6582096703729,"hembra"
347.397129004929,718.13604907085,7.02205098105442,10.1818577946497,"hembra"
349.377128786366,719.799834994026,8.61565132177637,11.9123307576423,"hembra"
349.909055165746,720.688982942847,8.84188788270526,12.8065786874609,"hembra"
353.342903638429,721.647465853675,NA,13.4036049714666,"hembra"
350.455473691845,720.787751449636,7.48738498990255,NA,"hembra"
NA,718.787627086312,7.05560537472162,12.4108865754822,"hembra"
349.123345258136,720.23766767945,7.0949804361783,11.7000985901653,"hembra"
349.748018436766,719.432848954784,9.07337969211829,NA,"hembra"
349.304929813488,720.137479306499,5.05981784437293,9.8035681393549,"hembra"
350.626096802744,NA,7.18278989867112,10.2118421387407,"hembra"
351.167568223434,720.307926496846,8.42349902552862,12.9685030782204,"hembra"
348.048798283758,718.932708552625,7.30914074700235,NA,"hembra"
346.86799096896,718.068400438666,NA,11.0280411150591,"hembra"
350.67179630206,719.051441259479,7.13675165579978,NA,"hembra"
350.311782074494,719.874592745429,8.10206039057667,13.4566833667881,"hembra"
349.620075276904,719.322175336669,6.4208598790624,11.64083670691,"hembra"
348.58690555603,719.939845910343,7.48001989811372,11.6998741727466,"hembra"
350.740478440192,721.124828096007,7.79116792575253,10.7484106101069,"hembra"
NA,719.327835103346,8.65725093008843,12.173900594548,"hembra"
349.297247350214,719.006736320835,7.82861137405039,11.8998539133892,"hembra"
349.438938350945,719.71527155901,7.30363448718832,12.819831403302,"hembra"
349.507718760504,719.293989663671,7.98464033759264,11.6195885953098,"hembra"
348.525246659138,719.641921813786,6.57215921722161,11.7850674750088,"hembra"
348.517384554305,719.899107599409,7.05710280715012,11.4881018130596,"hembra"
NA,720.955245822221,8.32025419008109,11.691431349569,"hembra"
348.649843230625,719.570403781446,7.90857096498972,9.92866820518572,"hembra"
350.305278887934,719.964053046715,7.99858173589058,10.8431816599349,"hembra"
NA,721.871943203547,9.3733548027064,13.3770935598328,"hembra"
350.090547980498,720.042210975826,9.73976682324059,12.4821574031849,"hembra"
348.765727489057,718.850601381811,6.86825643000376,11.7643350260732,"hembra"
NA,719.729777759953,9.13101407866677,12.9894157327114,"hembra"
349.199631162608,717.731980451674,7.57508106421607,12.0194700638987,"hembra"
350.692230399711,721.1969248941,8.74535966619813,12.9451928011757,"hembra"
350.159455880562,719.739581065347,8.77463954212814,NA,"hembra"
348.993340528923,720.085321608169,8.80146458890837,11.8752990517377,"hembra"
351.293201159682,720.529320341739,6.48775648997454,11.3327542078737,"hembra"
347.590985038509,718.55503876235,7.02488064828995,10.5355857792361,"hembra"
350.937742899682,721.44372360067,8.28114533326425,NA,"hembra"
350.26543840136,720.35488316733,5.96846177868086,13.2334231824871,"hembra"
347.48893928235,719.645201852063,6.4754893879269,10.7436955964524,"hembra"
350.990386384305,721.555025179721,8.42370750612449,13.0629001269541,"hembra"
351.325599367032,719.108890551167,7.60431971313558,12.9284152674924,"hembra"
348.004470737286,718.422923621727,6.71449377371343,11.607723798097,"hembra"
350.277278545634,721.811278646386,10.0659083976979,11.8257028352403,"hembra"
349.834708774279,719.661175090164,7.24701519015008,11.2713785853475,"hembra"
NA,720.967435885669,NA,13.7319822418084,"hembra"
348.628210693629,717.949708790953,9.7833760659103,12.136966644082,"hembra"
348.689249569698,720.318566050393,6.58908979113956,10.3326733445221,"hembra"
349.367886562753,720.11929937591,7.83847452478063,12.9140193898031,"hembra"
350.78305657147,721.557236303872,7.64550003786985,11.3523922721405,"hembra"
351.777109063369,720.534306133813,8.4256330897524,12.8065066488094,"hembra"
351.900689572517,720.560366425866,11.0002339917895,13.0116036950433,"hembra"
349.979968986058,719.765190261633,8.44060611662458,12.2608322994601,"hembra"
350.380785712892,720.391330963864,8.23264493619693,11.6770213310549,"hembra"
351.512462567277,719.839729559816,9.03184431696827,NA,"hembra"
348.750705238091,719.936317378959,5.81735026505338,9.79188489560816,"hembra"
349.758527900746,720.741259293032,7.42394960102666,10.4089620657393,"hembra"
351.177837588377,721.947479360767,8.16246535106334,NA,"hembra"
348.689161835404,718.819937792307,7.60764848272259,10.4101383802403,"hembra"
348.632730473154,NA,8.3453891762001,12.9891496771038,"hembra"
351.244115740613,721.880969103045,6.42283217462096,11.4305663761658,"hembra"
351.718090772398,720.812667162868,8.46307350133161,13.4527434792748,"hembra"
348.954647451184,717.834944217686,6.85154399338502,9.97868735493778,"hembra"
350.743674259653,719.947867741673,7.74419231496441,12.4390320521652,"hembra"
349.259388287245,718.902862956631,NA,12.6582674743926,"hembra"
351.715986165011,720.314339192431,9.35771230220437,11.4701589501125,"hembra"
349.530694181075,718.988498298441,7.7024964297685,11.8769156981765,"hembra"
349.716201168092,719.374494747375,9.20473948347994,11.549192291397,"hembra"
349.698884204769,720.035965651391,7.69790147211847,11.5753660029331,"hembra"
350.378717769628,719.772432717378,8.01632187801007,11.8232270252646,"hembra"
NA,720.978851870925,7.5031821640535,11.8489799125325,"hembra"
351.820801309232,721.037381242675,10.2445958505537,11.8062208166449,"hembra"
349.190340058073,719.504777255251,5.86039236100893,10.649550141603,"hembra"
350.044536493662,720.114510661343,6.87501347786916,11.2062693016558,"hembra"
348.941571260856,718.550503539373,6.65631343777661,11.7896059145293,"hembra"
350.017194653609,720.721714608929,8.4645967788793,11.7193146213979,"hembra"
352.38311766129,721.377828418217,NA,11.4805240229597,"hembra"
350.476166237458,NA,9.60399157665925,12.8458714099194,"hembra"
350.074648157336,719.925549429128,9.10519977958657,NA,"hembra"
350.736565535348,719.942715509932,8.92737171598455,11.251124936078,"hembra"
350.748706128605,721.124484000141,7.52437655220419,13.8911783324896,"hembra"
352.894952517582,722.477961204199,10.2915817210804,13.2641824640753,"hembra"
348.980102549359,720.031009089285,6.60871290557184,11.4335967788164,"hembra"
350.524672134298,720.559997414259,10.0691204441752,13.1056549481499,"hembra"
350.840334505787,719.239918823473,9.92657878473095,13.308273812963,"hembra"
350.092132963286,NA,NA,11.4911356574353,"hembra"
NA,720.818477069687,7.93933836900192,10.4578496782539,"hembra"
